古代人际关系名称_现汉,对应的现代人际关系,古代人際關係名稱_文言,description,query,
夫妻之間,夫-妻,夫妻之間,在中國古代宗法社會中，夫妻關係是『五倫』之一，以『夫為妻綱』為核心原則，強調男主外、女主內的分工。婚姻多由『父母之命、媒妁之言』締結，重視門第相當與家族聯姻。理想關係體現為『相敬如賓』，妻子需遵守『三從四德』（未嫁從父、既嫁從夫、夫死從子；婦德、婦言、婦容、婦功），而丈夫對妻子亦有養育與保護之責。這種關係不僅是私人結合，更是承載祭祀祖先、延續香火、穩定社會秩序的倫理紐帶。,夫妻之間,
父子之間,父-子,父子之間,父子關係是儒家倫理的核心，位列『五倫』之首，以『父為子綱』為綱常。強調父親的絕對權威與子女的絕對服從，所謂『孝道』要求子順從父命、繼承父志、光耀門楣。父親承擔教養、傳授家業之責，兒子則須恪守『晨昏定省』『父母在，不遠遊』等禮儀規範。此關係不僅是血緣紐帶，更是宗法制度中權力傳承、家族延續的基礎，具有強烈的等級性與責任性。,父子之間,
父女之間,父-女,父女之間,在『男尊女卑』的古代社會框架下，父女關係深受性別角色影響。父親對女兒的權威體現於婚姻安排與行為管教，女兒須遵從《禮記》所載『女子十年不出，姆教婉娩聽從』的閨訓。父女間情感往往含蓄內斂，女兒出嫁前需學習女紅、祭祀禮儀以備夫家之責，出嫁後則歸屬夫族，所謂『嫁出去的女兒潑出去的水』。此關係以父親的保護與女兒的順從為特徵，且從屬於家族整體利益。,父女之間,
母子之間,母-子,母子之間,母子關係在孝道文化中佔有特殊地位，雖受『夫死從子』觀念影響，但母親憑藉生育與養育之功仍享有尊重，尤其寡母常獲兒子加倍奉養。儒家提倡『孝悌』，兒子對母親須盡心侍奉，如《二十四孝》中典故所示。母親的角色重在『慈教』，通過言傳身教塑造子女品德，且常以『孟母三遷』為典範承擔教育啟蒙之責。此關係在嚴格的父權體系中，往往蘊含更為情感化的倫理連結。,母子之間,
母女之間,母-女,母女之間,母女關係是古代女性生命經驗傳承的重要紐帶。母親負責將婦德、女紅、持家等『內闈之教』傳授給女兒，以備其未來擔任妻職與母職。關係特點體現為『閨閣之訓』的私密性與實用性，女兒須學習《女誡》《列女傳》等規範。在『從夫居』的婚姻制度下，母女情感常因女兒出嫁而轉為隱性聯繫，但母親通過教導女兒適應夫家生活，實質維繫了女性群體在父權結構中的生存智慧代際傳遞。,母女之間,
兄弟之間,兄-弟,兄弟之間,在宗法制度下，兄弟關係以『兄友弟恭』為核心倫理。長兄承擔家族責任，享有繼承優先權；弟需敬順兄長，形成『長幼有序』的差序格局。這種關係既包含血緣親情，又隱含權力結構，常通過『分家』『共爨』等制度性安排體現經濟與社會連結。,兄弟之間,
兄妹之間,兄-妹,兄妹之間,遵循『男女有別』與『內外之防』的原則，兄長對妹妹負有保護與監督之責，妹妹則需遵從兄長的教誨。婚前關係受『男女七歲不同席』等禮教約束，婚後妹妹成為外姓族人，關係轉為『外戚』層面的往來，但血緣紐帶仍在祭祀、婚喪等儀式中延續。,兄妹之間,
姊弟之間,姐-弟,姊弟之間,姊長如母，在『長姊如母』觀念影響下，姊常分擔母親的教養職責。弟對姊需保持尊敬，但隨年齡增長，男性社會地位逐漸超越姊姊。這種關係存在性別與長幼秩序的雙重張力：姊雖年長卻因女性身份終將從屬夫家，弟則承擔本宗延續重任。,姊弟之間,
姊妹之間,姐-妹,姊妹之間,在『閨閣』空間內形成的親密紐帶，婚前共同學習女紅、禮儀，婚後因各歸夫家而關係疏離。關係核心是『同氣連枝』的血緣認同，但受制於『婦人無外事』的規範，情感連結多通過歸寧、節慶往來維持，經濟與宗法層面的互動較弱。,姊妹之間,
祖父與孫之間,祖父-孙子,祖父與孫之間,體現『隔代親』與『家族延續』雙重意涵。祖父作為家族權威象徵，通過為孫輩命名、教導族史等方式傳遞宗族認同；孫輩則承載祖父對血脈永續的寄託。這種關係跳脫了父子間的直接權威壓力，常帶有更濃厚的慈愛色彩，但仍在『昭穆制度』的祭祀序列中確立倫理位階。,祖父與孫之間,
祖父與孫女之間,祖父-孙女,祖父與孫女之間,在宗法制度下，祖父对孙女具有权威性的监护责任，关系以‘慈严并济’为特征。祖父通常通过家训、礼教传递家族价值观，孙女则需恪守孝道与闺范。这种关系受到‘男女有别’原则的影响，情感表达较祖父与孙子的关系更为含蓄，但祖父常在婚配选择、品德教化方面发挥重要影响。,祖父與孫女之間,
祖母與孫之間,祖母-孙子,祖母與孫之間,祖母对孙子往往体现‘隔代亲’的溺爱倾向，在家庭中常扮演调和严父教育的角色。孙子可通过祖母获得情感庇护，祖母亦通过孙子延续家族香火的期待获得精神慰藉。这种关系在礼法框架下具有一定弹性，常蕴含生活智慧与家族口述历史的传递。,祖母與孫之間,
祖母與孫女之間,祖母-孙女,祖母與孫女之間,这是女性代际情感联结的重要纽带，祖母承担着对孙女进行女德教化、女红传授的责任。关系常围绕闺阁生活展开，祖母通过言传身教传递持家之道与妇礼规范。在‘内言不出于阃’的原则下，这种关系构成家族内部女性知识传承的封闭系统，情感亲密但受礼教严格约束。,祖母與孫女之間,
外祖父與外孫之間,外祖父-外孙子,外祖父與外孫之間,作为外戚关系的重要体现，外祖父对外孙的权威性较祖父为弱，但仍享有尊重。在‘外孙异姓不得为后’的宗法观念下，这种关系更侧重情感联结与学问传授。外祖父常以赏识者而非管教者身份出现，可通过荐举、赠予等方式对外孙仕途或学业产生辅助性影响。,外祖父與外孫之間,
外祖父與外孫女之間,外祖父-外孙女,外祖父與外孫女之間,这是宗族边界外最具弹性的隔代关系。外祖父对外孙女的约束力最弱，关系以节庆往来、礼物馈赠为主要表现形式。在‘姑舅之亲’的框架下，外祖父可对孙女的品德修养提出建议，但无权干涉其婚配与教化。这种关系常体现为节仪性的关怀，是父系宗法制度下难得的温情补充。,外祖父與外孫女之間,
外祖母與外孫之間,外祖母-外孙子,外祖母與外孫之間,在中國古代宗法社會中，外祖母與外孫的關係屬於『外親』範疇，其親緣紐帶雖不如父系宗親受到制度性強調，但仍具有深厚的倫理情感。外祖母對外孫的疼愛常被形容為『隔代親』，帶有較為寬容、慈祥的特質。在禮制上，外孫對外祖母需行孝道，服制為『小功』（五服之一），體現『尊尊親親』的原則。這一關係在實際生活中往往承載著母系家族的情感聯繫與文化傳承。,外祖母與外孫之間,
外祖母與外孫女之間,外祖母-外孙女,外祖母與外孫女之間,此關係同樣屬於外親，但在性別文化背景下具有特殊內涵。外祖母常被視為女性技藝、家風與道德教養的傳遞者，對外孫女往往承擔部分教化職責，如女紅、持家之道等。古代文獻中不乏外祖母撫育孤幼外孫女的記載，體現母系家族對女性後代的庇護功能。情感上較之外孫可能更添細膩親密，但受『男女有別』觀念影響，外孫女成年後與外祖母的公開互動較受限。,外祖母與外孫女之間,
曾祖父與曾孫之間,曾祖父-曾孙子,曾祖父與曾孫之間,這是父系宗族中跨越三代的直系血親關係，在宗法制度中具有重要象徵意義。曾祖父代表家族源流與權威，曾孫則承載宗祧延續的期望，所謂『四世同堂』被視為家族興旺的祥瑞。曾祖父對曾孫通常表現為威嚴與慈愛並存，在禮法上曾孫需對曾祖父行孝，服制為『齊衰三月』。此關係強化了家族縱向的時間連續性，體現儒家『慎終追遠』的倫理觀。,曾祖父與曾孫之間,
曾祖父與曾孫女之間,曾祖父-曾孙女,曾祖父與曾孫女之間,在嚴格宗法體系中，曾孫女因性別因素不列入承嗣主線，但作為直系血親仍受家族庇護。曾祖父對曾孫女的態度往往帶有傳統長輩對女性後代的保護性關愛，其互動多限於家族內部閨閣範圍。曾孫女對曾祖父需恪守孝道禮儀，但因其未來將嫁入他族，這種關係隱含著『暫駐性』的特質。古代家訓中常強調曾祖父對所有曾輩應一視同仁施以教化，體現『敦親睦族』的理想。,曾祖父與曾孫女之間,
曾祖母與曾孫之間,曾祖母-曾孙子,曾祖母與曾孫之間,作為家族中最年長的女性尊長，曾祖母在家庭內享有特殊地位。她與曾孫的關係融合了宗法尊卑與母性慈愛，常被賦予『福壽雙全』的文化意象。曾祖母往往是家族口述歷史與生活智慧的傳承者，對曾孫的成長產生潛移默化的影響。在禮制上，曾孫需對曾祖母行孝，服制同於曾祖父。這一關係體現了中國古代家庭中女性長者通過血緣紐帶參與家族延續的倫理角色。,曾祖母與曾孫之間,
曾祖母與曾孫女之間,曾祖母-曾孙女,曾祖母與曾孫女之間,在中國古代宗法制度下，曾祖母是曾孫女的直系四世尊長，屬於『高祖-曾祖-祖-父-己身』譜系中的女性尊親。這一關係體現了縱向家族血緣的延續性，曾祖母代表家族歷史與道德傳承的象徵，曾孫女則承載著家族未來的寄託。在禮制中，曾孫女對曾祖母需行孝道、遵教誨，而曾祖母往往通過口述家族故事、女德教導等方式傳遞家風，關係中蘊含著『慎終追遠』的倫理意涵。,曾祖母與曾孫女之間,
高祖父與玄孫之間,高祖父-玄孙,高祖父與玄孫之間,高祖父為玄孫的五世直系祖先，屬於『天祖-高祖-曾祖-祖-父』譜系中的最高男性尊長。在古代家族觀念中，五世同堂被視為家族興旺的祥瑞之兆。高祖父作為家族權威的源頭象徵，玄孫則代表血脈的極遠延伸，二者關係跨越近百年時空，體現了『木本水源』的宗族認同。禮制上玄孫需對高祖父行極敬之禮，但實際生活中因年齡差距罕見直接互動，更多作為祭祀時血脈連通的儀式性關係存在。,高祖父與玄孫之間,
高祖母與玄孫之間,高祖母-玄孙,高祖母與玄孫之間,高祖母是玄孫的五世女性尊親，其地位雖在宗法制度中依附於高祖父，但在家族內部往往被視為福壽與慈愛的化身。古代家族祭祀中，高祖母常與高祖父同受香火，體現『陰陽配享』的觀念。她與玄孫的關係帶有濃厚的神秘色彩，民間常將高祖母視為守護家族繁衍的『家神』之一。在實際倫理中，玄孫對高祖母需懷有對母系源頭的崇敬，這種關係強化了縱向親緣中女性祖先的紐帶作用。,高祖母與玄孫之間,
外曾祖父與外曾孫之間,外曾祖父-外曾孙,外曾祖父與外曾孫之間,此為母系三世代跨輩關係，外曾祖父是母親的祖父。在中國古代父系宗法為主導的背景下，外親關係雖較本宗為疏，但仍屬『五服』中的緦麻親（最輕喪服）。外曾祖父代表母系家族的淵源，其與外曾孫的關係體現了『外戚』血脈的橫向聯繫。這一關係常通過年節往來、壽禮問安等儀式性互動維持，既有親情溫潤的一面，也反映古代『內外有別』的親屬制度設計。,外曾祖父與外曾孫之間,
外曾祖母與外曾孫之間,外曾祖母-外曾孙,外曾祖母與外曾孫之間,作為母親的祖母，外曾祖母在父權社會中具有雙重邊緣性（女性+外親），但其往往在家族情感網絡中扮演溫情紐帶的角色。古代禮制規定外曾孫需對外曾祖母行孝養之禮，但較本宗曾祖母為輕。在實際生活中，外曾祖母常是外曾孫童年時聽聞母系家族歷史、獲得跨代寵愛的對象，這種關係體現了中國親屬制度中『血緣柔情』對剛性宗法結構的補充，亦展現女性長者在維繫姻親網絡中的獨特作用。,外曾祖母與外曾孫之間,
祖先與後裔之間,祖先-后代,祖先與後裔之間,在中國古代宗法社會中，祖先與後裔的關係具有神聖性與倫理性雙重特質。祖先被視為家族血脈與福澤的源頭，後裔則承擔祭祀、繼嗣與光耀門楣的責任。這種關係以『孝道』為核心，強調『慎終追遠』，通過宗廟祭祀、族譜編修等儀式強化縱向的血緣紐帶，形成家族認同與歷史連續感。後裔對祖先的尊崇不僅是情感寄託，更是維護宗族秩序與社會穩定的基礎。,祖先與後裔之間,
伯父與侄子之間,伯父-侄子,伯父與侄子之間,伯父作為父親的兄長，在古代家族倫理中居於重要地位。伯侄關係屬於『五服』內的近親，受宗法制度規範：伯父對侄子負有教導、監護之責，尤其在父親早逝時可代行父權；侄子則需對伯父保持如父般的尊敬，稱謂上常尊稱為『伯父』或『世父』。這種關係體現了『長兄如父』的家族協作原則，強化了父系宗族內部的橫向凝聚力。,伯父與侄子之間,
伯父與侄女之間,伯父-侄女,伯父與侄女之間,伯父與侄女的關係受到古代性別規範與內外有別的影響。伯父對侄女負有保護與監督之責，尤其在婚嫁事務上具有建議權；侄女則需恪守男女之防，對伯父保持恭敬但相對疏遠的禮節。由於女性終將出嫁成為『外姓人』，伯侄女關係的宗法義務弱於伯侄關係，但仍在家族道德範圍內強調長幼尊卑的禮儀約束。,伯父與侄女之間,
伯母侄子之間,伯母-侄子,伯母與侄子之間,伯母作為伯父之妻，與侄子的關係以『嬪婦之禮』為基礎。伯母承擔對侄子的日常關照之責，尤其在母親缺席時可代行養育職能；侄子則需視伯母如母，遵循『事諸父如事父，事諸母如事母』的倫理要求。這種關係體現了家族內部女性長輩對子侄輩的慈愛與教化角色，但互動中需恪守男女有別的禮制，親而不狎。,伯母與侄子之間,
伯母與侄女之間,伯母-侄女,伯母與侄女之間,伯母與侄女的關係在古代女性內闈生活中尤為密切。伯母常作為侄女的女紅、禮儀教習者，亦是婚嫁事務的重要參與者；侄女則通過學習伯母的持家之道，傳承家族女性規範。這種關係以『姑侄之誼』為參照，強調女性長輩對未婚侄女的教導與庇護，是宗族內女性網絡的關鍵紐帶，同時也強化了『男外女內』空間秩序下的性别化倫理傳承。,伯母與侄女之間,
叔父與侄子之間,叔父-侄子,叔父與侄子之間,叔父是父亲的兄弟，在宗法制度中属于‘五服’内的近亲。叔侄关系以‘孝悌’为伦理基础，侄子对叔父需持恭敬态度，叔父对侄子则承担教导与庇护责任。这种关系强调纵向的尊卑秩序，同时带有家族利益共同体的连带义务，在财产继承、婚丧事务中均有明确礼法规范。,叔父與侄子之間,
叔父與侄女之間,叔父-侄女,叔父與侄女之間,关系性质与叔侄类似，但受古代性别规范影响，叔父对侄女的管教多通过女性亲属间接实施。侄女对叔父需恪守‘男女有别’之礼，日常接触较侄子更为疏离。在家族事务中，叔父对侄女的婚姻安排具有一定话语权，体现为‘父权延伸’下的监护角色。,叔父與侄女之間,
叔母與侄子之間,叔母-侄子,叔母與侄子之間,叔母作为叔父之妻，其与侄子的关系以‘夫族亲属网络’为纽带。侄子对叔母需行子侄之礼，但交往分寸受‘男女大防’约束。在家庭生活中，叔母常以女性长辈身份参与对侄子的生活照料，关系亲密度取决于家族同居形式，总体较叔侄关系更侧重日常伦理而非宗法责任。,叔母與侄子之間,
叔母與侄女之間,叔母-侄女,叔母與侄女之間,这是家族女性成员间的横向联系。叔母对侄女具有女性经验传授的义务，尤其在女红、家务等传统性别分工领域。双方关系往往较叔侄更为亲密，可形成类似母女的情感联结，但仍在‘长幼有序’框架下运作。侄女出嫁前，叔母常协助进行妇德教育，体现家族内部女性代际传承。,叔母與侄女之間,
姑丈與侄子之間,姑父-侄子,姑丈與侄子之間,姑丈作为姑姑的丈夫，属于‘外姻’亲属。古代‘姑表亲’具有特殊地位，但姑丈与侄子无直接血亲关系，其互动以姑姑为中介。侄子对姑丈需持敬重态度，礼仪上类比叔父但亲密度较低。这种关系体现中国古代亲属制度中‘血亲为主，姻亲为辅’的特点，在重大事务中姑丈的话语权弱于本宗叔父。,姑丈與侄子之間,
姑丈與侄女之間,姑父-侄女,姑丈與侄女之間,此為外親關係中的姻親關係。姑丈為父之姊妹的丈夫，屬尊長輩；侄女為兄弟之女，屬卑幼輩。在禮法上，侄女對姑丈需持敬重之禮，但關係較父系宗親疏遠，日常互動多依家庭場合而定，強調男女有別與尊卑有序。,姑丈與侄女之間,
姑母與侄子之間,姑母-侄子,姑母與侄子之間,此為父系血親的外延關係。姑母為父之姊妹，屬本宗出嫁女子；侄子為兄弟之子。姑母在禮制中地位特殊，出嫁後仍與本家保持情感聯繫，對侄子有慈愛之責，侄子則需以敬孝相待。關係親密程度常因家庭而異，但受『姑舅之親』傳統影響，往往帶有溫情色彩。,姑母與侄子之間,
姑母與侄女之間,姑母-侄女,姑母與侄女之間,此為父系女性親屬間的縱向關係。姑母為父之姊妹，侄女為兄弟之女。二者皆屬本宗女性，但姑母因輩分與年齡居尊。關係多體現為女性長輩對幼輩的教導與關懷，尤其在女德、女紅等家庭教育中可能產生影響，情感連結較細膩，但受『內外有別』規範約束。,姑母與侄女之間,
舅父與甥之間,舅父-外甥,舅父與甥之間,此為母系血親的核心關係。舅父為母之兄弟，在宗法社會中屬『外親』尊長。甥為姊妹之子。舅父地位崇高，傳統有『舅父如父』之說，對甥有教導、庇護之責，尤其在婚喪等重大儀式中扮演重要角色。甥對舅父須恪守孝悌之禮，關係兼具權威與親近。,舅父與甥之間,
舅父與甥女之間,舅父-外甥女,舅父與甥女之間,此為母系血親中男女有別的親屬關係。舅父為母之兄弟，甥女為姊妹之女。甥女對舅父需遵從男女之防的禮教，但舅父仍對甥女有愛護之責。關係較舅甥之間多一重性別隔閡，互動多在家庭公開場合，情感表達較含蓄，然舅父在甥女的婚姻事務上常具話語權。,舅父與甥女之間,
舅母與甥之間,舅母-外甥,舅母與甥之間,舅母是甥的母親兄弟之妻，屬外親姻親關係。在宗法制度下，舅母對甥的責任較為間接，但作為長輩仍享有一定尊重。甥對舅母的禮節性稱謂為『舅母』或『舅媽』，關係親疏常取決於與舅舅家庭的往來頻率，在重要節慶或家族儀式中需執晚輩禮。,舅母與甥之間,
舅母與甥女之間,舅母-外甥女,舅母與甥女之間,舅母是甥女的母親兄弟之妻，屬外親姻親關係。古代女性親屬關係較側重父系宗族，甥女與舅母的互動多隨母系往來而定。舅母對甥女無法定監護義務，但在婚嫁等事務上可能以女性長輩身份提供建議，甥女對舅母需保持禮貌性尊稱與禮節。,舅母與甥女之間,
姨丈與甥之間,姨父-外甥,姨丈與甥之間,姨丈是甥的母親姐妹之夫，屬外親姻親關係。姨丈與甥的關係較為鬆散，其權威性低於父系姑父。甥對姨丈的稱謂通常為『姨丈』或『姨父』，雙方往來多依附於姨母與甥之母的姐妹情誼。在禮制中，姨丈對甥無宗法約束力，但可作為親屬網絡中的輔助性長輩。,姨丈與甥之間,
姨丈與甥女之間,姨父-外甥女,姨丈與甥女之間,姨丈是甥女的母親姐妹之夫，屬外親姻親關係。古代女性親屬關係中，姨丈與甥女的互動更為間接，多通過姨母或甥女之母維繫。甥女對姨丈行禮時需注重男女之防，稱謂用『姨丈』。此關係在家族事務中影響力較弱，主要體現為年節往來的禮儀性問候。,姨丈與甥女之間,
姨母與甥之間,姨母-外甥,姨母與甥之間,姨母是甥的母親姐妹，屬外親血親關係。古代有『姨母如母』之說，但因屬母系親屬，在宗法地位上低於姑母。姨母對甥常有較深情感聯繫，尤其在甥幼年時可能參與撫育。甥對姨母需行孝悌之禮，稱謂為『姨母』或『姨娘』，關係親密度常高於姨丈與甥。,姨母與甥之間,
姨母與甥女之間,姨母-外甥女,姨母與甥女之間,此為母系血親關係，屬『從母』與『甥女』的倫常。姨母對甥女負有教導撫育之責，體現『母黨』親情；甥女對姨母需持敬重之心，禮儀上略遜於直系尊親但親近於一般旁親。關係特點是兼具血緣紐帶與慈愛教導，在家族互助、婚嫁指導等方面具有實際影響力。,姨母與甥女之間,
堂兄與堂弟之間,堂兄-堂弟,堂兄與堂弟之間,此為父系同輩旁系血親關係，屬『同堂兄弟』。因共祀同一祖父，在宗法制度中視為『本家』核心成員，關係密切程度僅次於親兄弟。強調『昭穆有序』，依長幼定尊卑；在家族事務中需協力承擔宗族責任，經濟上常互通有無，體現『兄弟鬩於牆，外禦其侮』的宗族凝聚力。,堂兄與堂弟之間,
堂兄與堂妹之間,堂兄-堂妹,堂兄與堂妹之間,此為父系同輩旁系血親關係，屬『同堂兄妹』。受『男女有別』禮教規範，相處需守『叔嫂不通問』之延伸原則，保持適當禮儀距離。堂兄對堂妹負有保護之責，堂妹婚嫁時堂兄可能參與議事；關係特點是血緣親近但交往受限，體現古代家族內部『長幼有序、內外有別』的倫理結構。,堂兄與堂妹之間,
堂姊與堂弟之間,堂姐-堂弟,堂姊與堂弟之間,此為父系同輩旁系血親關係，屬『同堂姊弟』。堂姊對幼弟常懷教導照顧之責，類似『長姊如母』的延伸；堂弟需敬重堂姊，但成年後交往受『男女大防』影響。關係特點體現縱向的長幼倫理重於橫向的性別區隔，在家族生活中堂姊可參與管教、婚嫁勸誡等事務。,堂姊與堂弟之間,
堂姊與堂妹之間,堂姐-堂妹,堂姊與堂妹之間,此為父系同輩旁系血親關係，屬『同堂姊妹』。因同屬女性，在『閨閣之內』交往較為密切，可共同參與女紅、祭祀準備等內宅事務。關係受『姊友妹恭』規範，長幼有序但親密程度高於異性堂親；婚嫁後往往成為家族聯姻網絡中的重要紐帶，體現女性在維繫宗族關係中的特殊作用。,堂姊與堂妹之間,
表兄與表弟之間,表兄-表弟,表兄與表弟之間,在中國古代宗法社會中，表兄弟關係屬於外親（母族或妻族）的平輩男性親屬關係。雙方雖非同姓本宗，但因母親或祖母的姊妹關係而產生連結。這種關係在禮法上較本宗堂兄弟疏遠，但在實際交往中常因姻親紐帶而保持密切往來，尤其在士族門閥中可能涉及家族聯盟與利益互助。交往時需遵循『長幼有序』的原則，年長者稱表兄，年幼者稱表弟，儀節上略遜於本宗兄弟但仍重親誼。,表兄與表弟之間,
表兄與表妹之間,表兄-表妹,表兄與表妹之間,此為外親中表兄妹的異性親屬關係，受到古代『同姓不婚』與『外親通婚』觀念的雙重影響。在禮制上，表兄妹因屬異姓（不同宗族），理論上可通婚（尤以姑表兄妹為常見），但實際受地域風俗與時代律令調節。日常交往需嚴格遵守『男女有別』的禮教規範，尤其在成年後需保持適當距離。關係內涵兼具親屬情誼與潛在的婚姻可能性，常成為家族鞏固姻親聯盟的考量對象。,表兄與表妹之間,
表姊與表弟之間,表姐-表弟,表姊與表弟之間,作為外親中表姊弟的異性親屬關係，其特點受到年齡與性別雙重禮教規範的制約。表姊對表弟兼具親屬關照與『長幼之序』的權威性，尤其在童年階段可能存在類同胞的教導關係。成年後交往則須嚴格遵循男女大防，但因姊弟名分較兄妹更強調長幼差序，在禮法上相對表兄妹稍顯寬鬆。此關係在古代文學中常呈現為溫厚而不涉曖昧的親屬典範，極少作為婚姻考慮對象（因女性年長不符合傳統婚配偏好）。,表姊與表弟之間,
表姊與表妹之間,表姐-表妹,表姊與表妹之間,此係外親中女性平輩親屬關係，其互動模式深植於古代女性的閨閣文化。表姊妹因分屬不同宗族，關係親疏常隨母系往來頻率而變動，但總體較本宗堂姊妹更具彈性與私密性。交往多圍繞女紅、詩書、閨中密語等女性空間活動，且可能成為各家族信息傳遞的隱性渠道。在婚姻層面，表姊妹間存在潛在的競爭或互助關係，尤其當涉及家族聯姻時，這種關係可能轉化為複雜的情感與利益紐帶。,表姊與表妹之間,
姑表兄與姑表弟之間,姑表兄-姑表弟,姑表兄與姑表弟之間,特指父親姊妹（姑母）所生男性子嗣間的關係，是表親中具有特殊禮法意義的分支。在宗法制度下，姑表親被視為『骨肉之親』的延伸，因姑母出自本宗，其子女與本宗的血緣認同感常高於舅表或姨表關係。姑表兄弟間往往保持較密切的經濟與社會互助，甚至在某些地區形成優先通婚的慣例（如『姑舅表婚』）。這種關係典型體現了古代『親親為大』的倫理觀念，既是血緣情感的載體，也是宗族網絡向外拓展的重要樞紐。,姑表兄與姑表弟之間,
姑表兄與姑表妹之間,姑表兄-姑表妹,姑表兄與姑表妹之間,在中國古代宗法社會中，姑表兄妹屬於『外親』範疇，其關係具有雙重屬性：一方面因血緣相連而親近，常被視為『中表之親』，在禮法上允許密切往來；另一方面受『同姓不婚』原則影響，姑表兄妹因異姓（父系姓氏不同）反而成為傳統婚姻選擇中常見的『姑舅表婚』配對之一，即『姑母之子娶舅父之女』在部分地區被鼓勵，體現了『親上加親』的聯姻觀念。日常相處需遵循『男女有別』的禮教規範，但較無血緣關係的男女交往更為寬鬆。,姑表兄與姑表妹之間,
姑表姊與姑表弟之間,姑表姐-姑表弟,姑表姊與姑表弟之間,此關係與姑表兄妹類似，同屬異姓中表親，但因涉及長幼有序的倫理秩序，表姊對表弟往往帶有類同胞的關照義務，尤其在家族活動中需體現『姊友弟恭』的互動模式。在婚姻層面，『姑表婚』的傳統中此組合亦可能成為聯姻對象（舅父之子娶姑母之女），但實際執行受地域習俗差異影響。交往時需在血緣親情與男女大防之間取得平衡，表姊常承擔部分教導年幼表弟的家族責任。,姑表姊與姑表弟之間,
姑表姊與姑表妹之間,姑表姐-姑表妹,姑表姊與姑表妹之間,作為同性別的中表親，關係相對自由密切，可類比同胞姊妹但帶有外親特徵。她們的互動不受男女大防限制，常共同參與女紅、節慶活動，形成緊密的情感支持網絡。在宗法制度下，姑表姊妹雖分屬不同姓氏家族，但通過母系血緣連結，成為家族間信息傳遞與人情往來的紐帶。婚後仍可能保持往來，但關係重心會逐漸向各自夫族轉移。,姑表姊與姑表妹之間,
舅表兄與舅表弟之間,舅表兄-舅表弟,舅表兄與舅表弟之間,舅表兄弟屬於母黨親屬，在古代『舅權』文化背景下具有特殊地位。舅父在家族中常擔當仲裁者角色，其子嗣與姑母之子間的關係因而帶有儀式性同盟色彩。表兄弟間可如胞兄弟般親密交往，共同參與學業、社交活動，且因異姓不構成宗族內權力競爭，關係多顯融洽。在重要家族事務中，舅表兄弟常作為外家代表發揮影響力，體現『娘親舅大』的倫理傳統。,舅表兄與舅表弟之間,
舅表兄與舅表妹之間,舅表兄-舅表妹,舅表兄與舅表妹之間,此關係在傳統婚俗中尤為重要，是『姑舅表婚』的另一主要形式（姑母之子娶舅父之女）。舅表兄妹的聯姻被視為對母系血緣的回饋與鞏固，具有『骨肉還家』的象徵意義。日常交往中，表兄對表妹負有保護責任，而表妹對舅家表兄的尊重常高於其他表親。若未成婚，則需遵守中表親的交往界限；若成婚，則兼具血緣親屬與姻親雙重紐帶，關係結構更為複雜緊密。,舅表兄與舅表妹之間,
舅表姊與舅表弟之間,舅表姐-舅表弟,舅表姊與舅表弟之間,在中國古代宗法制度下，舅表姊弟屬於外親關係，同源於外祖父母。舅表姊為母系兄弟之女年長者，舅表弟為母系兄弟之子年幼者。此關係受『男女有別』與『長幼有序』倫理雙重規範：表姊對表弟有照顧之責，表弟對表姊需持敬重態度。因屬異性表親，日常交往需遵循禮教約束，但較無同姓宗親的嚴格避忌。在婚姻方面，古代雖存在表親通婚習俗，但舅表姊弟聯姻在禮法上較少見，多見於文學作品中的特殊敘事。,舅表姊與舅表弟之間,
舅表姊與舅表妹之間,舅表姐-舅表妹,舅表姊與舅表妹之間,此為母系表親中的同性關係，同出舅氏一門。在中國古代家族結構中，舅表姊妹因血緣相近且性別相同，往往有較密切的交往空間。她們的關係受『姊妹倫理』影響，強調相互扶持與情感連結，常見於閨閣往來、女紅切磋等女性社交範疇。由於同屬外親，關係親密度通常高於堂姊妹（父系宗親），但低於同胞姊妹。在宗法地位上，二人皆依附於父系家族，彼此關係不涉及宗祧繼承等核心利益，故相對純粹。,舅表姊與舅表妹之間,
姨表兄與姨表弟之間,姨表兄-姨表弟,姨表兄與姨表弟之間,姨表兄弟係母系姊妹之子間的橫向關係。在中國古代『姨母如母』的觀念影響下，姨表兄弟常被視為準同胞關係，交往較為親近。此關係特點在於：一則因母系血緣紐帶產生天然親近感；二則因分屬不同父系家族，無直接宗法競爭，關係多帶互助性質。古代社會中，姨表兄弟可共同求學、遊歷，在仕途或商業上形成聯盟，體現『外親相輔』的社會功能。但若涉及家族利益時，仍以各自父系宗族為先。,姨表兄與姨表弟之間,
姨表兄與姨表妹之間,姨表兄-姨表妹,姨表兄與姨表妹之間,此為母系異性表親關係，具有雙重文化意涵：一方面受『姨表親，輩輩親』俗諺影響，關係較為親密自然；另一方面因男女之防，需守『禮』的界限。在古代婚姻制度中，姨表兄妹通婚是常見現象（如《紅樓夢》中寶玉與黛玉），被認為能『親上加親』。這種婚姻模式強化了兩個母系家族聯盟，但亦受士大夫階層『同姓不婚，異姓可婚』觀念的複雜影響。非婚姻情境下，二人互動需有長輩在場或通過家庭活動進行，體現『發乎情，止乎禮』的交往模式。,姨表兄與姨表妹之間,
姨表姊與姨表弟之間,姨表姐-姨表弟,姨表姊與姨表弟之間,此關係呈現中國古代倫理中『長幼』與『男女』規範的交織。姨表姊作為年長女性，對表弟有教導、關照之責，類似『半師半姊』的角色；表弟則需對表姊表現尊敬與順從。這種關係常體現在家庭教育場景中，如表姊指導表弟讀書習禮。由於存在年齡與性別雙重差異，其親密程度通常低於姨表兄妹，但高於完全無血緣的男女交往。在婚姻層面，姨表姊弟婚配較為少見，因傳統婚配偏好男長女幼的結構，但特殊情況下（如家族安排）亦可能發生。,姨表姊與姨表弟之間,
姨表姊與姨表妹之間,姨表姐-姨表妹,姨表姊與姨表妹之間,此为母系亲属关系中的平辈关系，属中表亲范畴。在宗法制度下，姨表姊妹虽非同姓本宗，但因母亲同出一源，关系较一般姻亲更为亲密。古代社会注重‘姨母如母’的伦理观念，姨表姊妹常以‘外家姊妹’相称，情感联结多带闺阁情谊，婚嫁前常有共同生活或往来，其亲密程度常介于亲姊妹与普通朋友之间，且关系受‘男女有别’礼教约束，婚后随各自家庭重心转移可能渐疏。,姨表姊與姨表妹之間,
岳父與子婿之間,岳父-女婿,岳父與子婿之間,此为典型姻亲关系中的尊卑纵向关系，属‘外姻’范畴。岳父称婿为‘娇客’，既体现对女婿的客礼相待，又强调其非本宗成员的身份。关系以‘半子’伦理为核心——女婿需以事父之礼敬岳父，但岳父对其权威远低于对亲子；经济与宗族事务上女婿通常不介入岳父家族内部事务。关系受‘礼’严格规范，强调恭敬而非亲密，常见于节庆仪式性往来，且岳父对女婿的考察常关联女儿在夫家的地位。,岳父與子婿之間,
岳母與子婿之間,岳母-女婿,岳母與子婿之間,此为姻亲关系中具有特殊礼法约束的尊卑关系。古礼强调‘男女授受不亲’，岳母与女婿间需保持‘疏不间亲’的距离，日常接触受限，尤忌独处。岳母对女婿的关怀多通过女儿间接表达，或体现于物质馈赠；女婿对岳母需持礼敬态度，但较之对岳父更少涉及责任义务。此关系常被形容为‘客情’，即客气有余而亲昵不足，在‘内外有别’的宅院空间中，岳母通常通过家庭女性成员与女婿间接沟通。,岳母與子婿之間,
公公與兒媳之間,公公-儿媳,公公與兒媳之間,此为父权宗法制度下最具礼教敏感性的家庭关系之一，严格遵循‘男女之大防’。公公作为家长权威代表，与儿媳须保持极端疏离，日常‘不见面、不对话、不独处’是士大夫家庭常态。儿媳对公公需绝对恭敬，晨昏定省时亦多隔帘行礼；公公对儿媳的训导须通过儿子或婆婆转达。此关系完全建立在宗法伦理框架内，强调‘严肃恭敬’，情感交流几近于无，且公公对儿媳的评价直接影响其在家族中的地位。,公公與兒媳之間,
婆婆與兒媳之間,婆婆-儿媳,婆婆與兒媳之間,此为父权家庭中最重要的女性纵向关系，具有支配与服从的鲜明特征。婆婆作为内宅权威，对儿媳享有教导、监督、惩戒的权力，关系本质是‘婆尊媳卑’的统属关系。古代‘新妇事舅姑如事父母’的礼法要求儿媳对婆婆绝对顺从，且需经历‘多年媳妇熬成婆’的漫长考验。此关系常包含实际生活指导、家务劳动分配、生育监督等日常互动，情感上既有‘母女’名义的伦理期待，又因权力结构易生矛盾，成为古代家庭戏剧的核心冲突之一。,婆婆與兒媳之間,
舅父與甥媳之間,舅父-甥媳,舅父與甥媳之間,此为外亲姻亲关系，属尊卑有序的伦理关系。舅父为母系尊长，甥媳为晚辈姻亲，二者关系受‘男女有别’与‘长幼有序’双重礼法约束。日常交往需恪守礼制，保持端庄距离，舅父对甥媳有泛化的家族监护责任，但不宜直接干涉其家务。在重大家族仪式中，甥媳需对舅父行晚辈礼，体现‘尊尊亲亲’的宗法精神。,舅父與甥媳之間,
舅父與甥婿之間,舅父-甥女婿,舅父與甥婿之間,此为外亲与姻亲的交叉关系，带有半拟制性亲属色彩。舅父作为母方权威代表，对甥婿既有长辈的关怀义务，亦隐含对甥女婚姻状况的间接监督权。二者交往较甥媳更为宽松，可涉及家族事务商议，但仍需遵循‘敬长’原则。甥婿对舅父的礼敬程度常被视为衡量其家族融入度的重要标尺，关系本质是宗族网络的外延联结。,舅父與甥婿之間,
伯父與侄媳之間,伯父-侄媳,伯父與侄媳之間,此属宗亲核心圈层的尊卑关系，具有严格的礼法边界。伯父作为父系直系尊长，对侄媳负有家族教化责任，但受‘男女大防’制约，日常接触需通过家族女性成员中转。在祭祀、分产等重大事务中，伯父的权威可间接影响侄媳权益，而侄媳则需通过丈夫或姑舅履行对伯父的礼节义务，体现‘内外有别’的宗法秩序。,伯父與侄媳之間,
伯父與侄婿之間,伯父-侄女婿,伯父與侄婿之間,此为宗亲与姻亲的垂直关系，带有明显的父权制特征。伯父作为家族权力结构的核心成员，对侄婿具有实质性的指导与约束权，尤其在职业选择、家族事务参与等方面影响力显著。二者关系以‘孝悌’伦理为基础，侄婿需主动向伯父请益，伯父则通过提携侄婿巩固家族势力。这种关系常成为家族资源代际传递的重要渠道。,伯父與侄婿之間,
姊丈與妻弟之間,姐夫-妻弟,姊丈與妻弟之間,此为平辈姻亲关系，具有双向互助性与弹性权力结构。姊丈作为姐姐的丈夫，与妻弟形成‘郎舅之亲’，既有拟制性兄弟情谊，又存在隐性的利益联盟属性。在礼法上姊丈为尊，但实际相处常随双方年龄、社会地位动态调整。这种关系是家族联盟的横向纽带，既承担互助义务，也是调解姐妹在夫家处境的重要缓冲机制，所谓‘亲不过郎舅’即指其特殊亲密性。,姊丈與妻弟之間,
妹婿與妻兄之間,妹夫-妻兄,妹婿與妻兄之間,此关系属于姻亲中的‘异姓连襟’关系。妹婿是妻子兄弟的妹妹之夫，在宗法制度下属于‘外姻’。双方关系以妻子家族为纽带，通常遵循‘亲疏有别’的原则：妻兄作为妻子本家的男性代表，对妹婿有一定礼仪上的尊长地位，但实际交往中更接近平辈姻亲，关系亲密度取决于两个联姻家庭的实际往来。在礼制上，双方互称‘姻兄’‘姻弟’，婚丧仪式中需按姻亲礼节互动。,妹婿與妻兄之間,
妹婿與妻姊之間,妹夫-妻姐,妹婿與妻姊之間,此关系属于交叉姻亲关系。妹婿是妻子姐妹的丈夫，但妻姊在辈分上为长。古代家庭伦理中，妻姊地位高于妹婿，妹婿需以‘姨姊’相称并持敬重态度。由于涉及两个婚姻组合，双方关系往往受姐妹关系亲疏影响，在家族活动中需遵循‘长幼有序’的礼仪，但无严格法律义务。这种关系常见于大家族联姻网络，具有巩固家族联盟的社会功能。,妹婿與妻姊之間,
叔與嫂之間,叔-嫂,叔與嫂之間,此关系属于宗亲内的‘叔嫂伦理’，是五伦之外的重要家庭关系。在儒家礼法中，叔嫂之间需严格遵守‘叔嫂不通问’的防嫌原则（《礼记·曲礼》），日常交往需保持距离，禁止私相授受。但长嫂如母，若兄长早逝，叔对守节之嫂应持敬如母的态度。这一关系典型体现了古代‘男女有别’‘长幼有序’的双重伦理约束，是家族内部秩序的关键环节。,叔與嫂之間,
姑與嫂之間,姑-嫂,姑與嫂之間,此关系是血亲与姻亲的交织关系。姑作为丈夫的姐妹，在传统家庭结构中具有特殊地位：未嫁时是夫家血亲，已嫁后成为‘外嫁女’。姑嫂相处遵循‘姑尊嫂卑’的原则，未婚小姑在娘家地位常高于新妇，易生‘姑恶’现象。但礼法要求‘嫂敬姑慈’，双方需维持表面和谐以保家族稳定。这一关系反映了女性在父权家族中‘既 insider 又 outsider’的复杂身份。,姑與嫂之間,
弟媳與伯之間,弟媳-伯,弟媳與伯之間,此关系属于宗法家庭中的‘叔伯-弟妇’关系。伯作为丈夫的长兄，在家族中具有权威地位。双方需严格遵循‘男女大防’与‘尊卑有序’，交往仅限于公开场合的礼节性问候。若丈夫早逝，伯对守节弟媳有监护责任，但不可直接接触，需通过女性亲属转达。这一关系体现了古代家族中‘兄权’对旁支婚姻单位的约束力，以及礼法对异性姻亲交往的极端限制。,弟媳與伯之間,
兄妻與弟妻之間,兄妻-弟妻,兄妻與弟妻之間,在中國古代宗法社會中，兄妻（妯娌中的兄嫂）與弟妻（弟婦）的關係稱為『妯娌』。這是一種因兄弟婚姻而結成的擬血親關係，其相處遵循『長幼有序』的原則，兄嫂通常具有較高的家庭地位與話語權。妯娌關係常以『和』為貴，但實際中亦可能因家產分配、婆媳互動或子女教養等產生微妙競爭。在禮教規範下，雙方需維持表面和睦，共同承擔家族內務勞動與祭祀責任，體現『同居共財』家族結構中的協作與張力。,兄妻與弟妻之間,
姊丈與妹婿之間,姐夫-妹夫,姊丈與妹婿之間,姊丈（姊夫）與妹婿（妹夫）的關係屬於『連襟』（亦稱『婭婿』）。這是一種通過姊妹婚姻結成的男性姻親關係，在宗法制度中屬於『外姻』範疇。連襟之間雖無直接血緣或經濟共同體義務，但常因家族聯姻、社會網絡構建而產生互助關係。古代士大夫階層中，連襟可能形成政治或文學同盟；在民間則體現為節慶往來、勞力互助等。此關係受『門當戶對』觀念影響深，雙方家族背景的對等性往往決定互動的緊密程度。,姊丈與妹婿之間,
"婚家與婚家	",亲家-亲家,婚家與婚家,『婚家』指通過婚姻結成的兩姓家族關係，即『姻親』。在古代中國，這是一種重要的社會聯盟形式，具有強烈的宗族性與禮儀性。其內涵包括：1. 締結『秦晉之好』，強調兩姓世代通婚的盟約性；2. 遵循『六禮』規範的儀式性互動；3. 在政治、經濟層面形成互助網絡（尤見於士族門閥）。婚家關係受《朱子家禮》等規範制約，講究『禮尚往來』，但嫁女之家常處於相對謙卑地位，反映古代婚姻的『從夫居』特質與家族利益交換本質。,婚家與婚家,
從祖父與從孫之間,从祖父-从孙子,從祖父與從孫之間,從祖父指祖父的兄弟（即伯祖父、叔祖父），從孫指兄弟之孫。這屬於『從父』宗親關係中的隔代縱向連結，在五服制度中屬『小功』或『緦麻』親。其特點為：1. 宗法意義上，從祖父對從孫有輔助教導之責，但監護權弱於直系祖父；2. 在家族祭祀中，從孫可能擔任從祖父支系的輔祭角色；3. 財產繼承上，從孫僅在『戶絕』等特殊情況下可獲得從祖父遺產。此關係體現古代『大宗-小宗』體系中旁系親屬既疏離又協作的倫理張力。,從祖父與從孫之間,
從祖父與從孫女之間,从祖父-从孙女,從祖父與從孫女之間,此關係除具備從祖父與從孫的宗法特徵外，更顯現性別差異下的特殊規範：1. 從孫女在家族祭祀中通常無參與權，與從祖父的互動受限於『男女授受不親』的閨闈制度；2. 從祖父對從孫女的監護權體現在婚配決策上，可對其父母提出建議，但決定權低於直系祖父；3. 經濟關係上，從祖父可能在從孫女出嫁時贈送妝奩，以彰顯家族凝聚力。此關係折射出古代宗族制度中女性作為『邊緣化宗親』的依附性地位。,從祖父與從孫女之間,
從祖母與從孫之間,从祖母-从孙子,從祖母與從孫之間,從祖母是祖父兄弟之妻（即伯叔祖母），從孫是孫輩中非直系但屬同宗旁支的男性後代。此關係屬五服內的旁系尊卑倫常，遵循《儀禮·喪服》中‘從祖祖父母’的服制規範（緦麻三月）。從祖母對從孫有宗族內的禮儀性教導責任，從孫需執恭順之禮，體現‘雖疏猶尊’的宗法原則。,從祖母與從孫之間,
從祖母與從孫女之間,从祖母-从孙女,從祖母與從孫女之間,關係性質同從祖母與從孫，但性別為女性後代。在宗法制度下，從孫女對從祖母的禮節與從孫相同，但因其女性身份，更側重閨門內的女德傳承與婚嫁指導。祭祀活動中從孫女常協助從祖母進行內眷禮儀，體現‘男女有別，尊卑有序’的倫常分工。,從祖母與從孫女之間,
從祖姑與從侄孫之間,从祖姑-从侄孙,從祖姑與從侄孫之間,從祖姑是祖父的姐妹（即姑祖母），從侄孫是侄孫輩的旁支男性後代。此關係屬‘外親’範疇但受宗法約束，服制為緦麻。從祖姑在家族中具有‘姑權’象徵，對從侄孫有道德訓誡之責，從侄孫逢年節需行謁見禮。關係特點融合血緣尊長與外嫁女性的雙重身份，體現‘姑尊侄卑’的禮法傳統。,從祖姑與從侄孫之間,
再從兄與再從弟之間,再从兄-再从弟,再從兄與再從弟之間,指同曾祖父不同祖父的兄弟關係（即三從兄弟，古稱‘族兄弟’）。屬五服最邊緣的‘族兄弟’範疇，服制為緦麻。關係特點為‘親盡而義不盡’，雖血緣已疏，但在宗族活動中仍按長幼序齒，共守族規。經濟與法律上已無連坐責任，但宗族祭祀時需協作，體現‘收族’的宗法精神。,再從兄與再從弟之間,
三從兄與三從弟之間,三从兄-三从弟,三從兄與三從弟之間,指同高祖的兄弟關係（即四從兄弟），已出五服。按《禮記·大傳》‘四世而緦，服之窮也’，此關係已無法定喪服義務，但仍在‘九族’概念內。交往依鄉黨禮俗而非宗法強制，強調‘同姓之誼’，在修譜、祭祖等重大宗族活動中保持禮儀性互動，體現‘百世不通婚’的宗族認同邊界。,三從兄與三從弟之間,
堂伯與堂侄之間,堂伯-堂侄,堂伯與堂侄之間,堂伯与堂侄是基于父系宗族（同姓同宗）的亲属关系。堂伯是父亲堂兄弟中较年长者，堂侄则是堂兄弟之子。在宗法制度下，这种关系属于‘五服’内的‘期亲’（齐衰不杖期），具有明确的尊卑秩序。堂伯对堂侄有教导、庇护之责，堂侄则需恭敬遵从。在家族事务（如祭祀、分产）中，堂伯常作为宗族代表参与决策，关系较近但次于直系伯侄。,堂伯與堂侄之間,
表叔與表侄之間,表叔-表侄,表叔與表侄之間,表叔与表侄是基于母系或嫁出女性亲属（异姓外亲）的亲属关系。表叔是母亲或出嫁姐妹的兄弟之子，表侄则是己身或兄弟之子。此关系属‘外亲’，在宗法体系中地位低于父系亲属，但仍有‘亲亲之义’。表叔对表侄的约束力较弱，关系以情谊为主，常见于年节往来或互助。古代‘表亲不通婚’的禁忌亦体现其亲属边界，但较之堂亲更为松散。,表叔與表侄之間,
族伯叔與族侄之間,族伯叔-族侄,族伯叔與族侄之間,族伯叔与族侄是同宗但已出‘五服’的远房亲属关系。族伯叔是同一高祖以上祖先的后代中较父辈年长者。在宗族结构中，虽血缘疏远，但仍受‘同姓一家’观念维系。关系以宗族共同体为纽带，在修谱、祭祖、族田管理等事务中体现尊卑秩序。族伯叔可凭辈分参与族内公共事务调解，但对族侄无直接约束力，更多依靠族规乡约维系伦理距离。,族伯叔與族侄之間,
族兄與族弟之間,族兄-族弟,族兄與族弟之間,族兄与族弟是同宗平辈男性关系，通常指出五服外的同辈族人。在宗族谱系中按昭穆排序，虽血缘已远，但仍以‘兄弟’相称，体现‘天下同姓为一家’的宗法观念。关系强调长幼有序（族兄为尊），在宗族活动中需遵守相应礼仪。日常交往中既有互助义务（如科举、经商提携），又因血缘疏淡而保持一定距离，是宗族网络中的横向伦理纽带。,族兄與族弟之間,
族姊與族妹之間,族姐-族妹,族姊與族妹之間,族姊与族妹是同宗平辈女性关系，多指出嫁前的同族姐妹。在父系宗法下，女性在族谱中记载简略，关系主要通过父兄的宗族身份界定。未嫁时在族内共同参与女红、祭祀准备等活动，依年齿互称姊妹；出嫁后则随夫家身份定位，与原族姐妹关系逐渐淡化。此关系受‘男女有别’规范影响，交往限于闺阁之内，情感联结常让位于宗族礼仪要求。,族姊與族妹之間,
堂祖父與堂侄孫之間,堂祖父-堂侄孙,堂祖父與堂侄孫之間,这是基于父系宗族血缘的隔代旁系亲属关系。堂祖父是祖父的兄弟之子，属于同曾祖父的旁系长辈；堂侄孙则是堂兄弟之孙，属于同高祖的旁系晚辈。这一关系体现了古代宗法制度中‘五服’亲属的范围，虽非直系，但在祭祀、家族事务中仍有一定联系，其亲疏程度在《仪礼·丧服》中被归为‘缌麻’之亲。,堂祖父與堂侄孫之間,
堂祖母與堂侄孫之間,堂祖母-堂侄孙,堂祖母與堂侄孫之間,这是通过婚姻联结的宗族旁系隔代关系。堂祖母是堂祖父的妻子，虽无血缘关系，但通过婚姻进入父系宗族体系，在礼法上被视为家族成员。堂侄孙作为夫家旁系晚辈，需对其行尊长之礼。这一关系反映了古代‘夫妇一体’的宗法观念，女性通过婚姻获得在夫族中的伦理地位，并与夫族亲属形成拟制性亲属关系。,堂祖母與堂侄孫之間,
堂姊丈與堂妻弟之間,堂姐夫-堂内弟,堂姊丈與堂妻弟之間,这是由婚姻与血缘交叉形成的复合性姻亲关系。堂姊丈是堂姐的丈夫，属于姻亲中的‘外姻’；堂妻弟则是妻子堂兄弟的称谓，属妻党旁系亲属。两者间无直接血缘或婚姻联结，其关系建立于‘堂姐’与‘妻子’两个女性亲属的桥梁作用上，属于较疏远的间接姻亲，在传统礼制中互动较少，但仍需遵循‘男女有别’‘尊卑有序’的交往原则。,堂姊丈與堂妻弟之間,
表嫂與表叔之間,表嫂-表小叔,表嫂與表叔之間,这是母党或妻党姻亲与父党旁系亲属的交叉关系。表嫂是表兄弟之妻，属外姻平辈；表叔则是父亲的表兄弟，属父党旁系长辈。两者分属不同亲属体系（表亲属‘外亲’，表叔属‘父党’），关系较为疏远。古代强调‘内外有别’，此类交叉关系在礼仪上需依各自辈分行礼，但实际社会交往中往往因亲属圈重叠而产生互动，体现了传统亲属网络的复杂性。,表嫂與表叔之間,
姻伯叔與姻侄之間,姻伯叔-姻侄,姻伯叔與姻侄之間,这是完全基于婚姻联结的拟制性尊卑关系。姻伯叔指姻亲中的长辈男性（如妻子的伯叔、女婿的伯叔等），姻侄则是其对应的晚辈称谓。此类关系完全依靠婚姻建立，无血缘基础，属于‘三党’（父党、母党、妻党）中的姻亲范畴。在礼法上，双方需遵循‘尊长恤幼’的伦理规范，但其权利义务弱于血亲关系，且随婚姻存续而存在，具有较大的情境性与可变性。,姻伯叔與姻侄之間,
舅公與甥孫之間,舅公-甥孙,舅公與甥孫之間,舅公是母亲的舅舅，甥孙是姐妹的孙子。这是基于母系血缘延伸的跨代亲属关系，属于外亲范畴。在古代宗法制度下，舅公作为母族尊长，对甥孙具有礼仪性的权威和关爱责任，尤其在婚丧、分家等事务中常扮演见证或调解角色。甥孙则需对舅公保持尊敬，逢年过节或重要场合需行礼问候。这种关系体现了古代家族网络中母系纽带的重要性。,舅公與甥孫之間,
姨婆與姨甥孫之間,姨婆-姨甥孙,姨婆與姨甥孫之間,姨婆是母亲的姨母，姨甥孙是姐妹的孙子。这是通过母系姐妹血缘联结的跨代亲属关系，属于外亲。姨婆作为母亲的长辈，对姨甥孙有慈爱关照的义务，尤其在母亲原生家族活动中（如祭祀、团聚）常体现亲密互动。古代社会重视'姨亲如母'的观念，姨婆在甥孙家庭遇到困难时可能提供支持，但相较于直系祖孙，其责任更多体现在情感与礼仪层面。,姨婆與姨甥孫之間,
繼祖父與繼孫之間,继祖父-继孙子,繼祖父與繼孫之間,继祖父是祖父的续弦丈夫，继孙是儿子或女儿的子女。这是通过再婚形成的拟制直系亲属关系，缺乏血缘纽带。在古代宗法体系中，继祖父对继孙的权威较弱，但若继祖父承担了抚养责任，则双方需遵循'孝道'伦理，继孙应对其表示尊敬。家庭地位取决于继祖父是否被家族正式接纳，财产继承权通常受限，关系常受原生家族与继亲家族平衡的影响。,繼祖父與繼孫之間,
繼祖父與繼孫女之間,继祖父-继孙女,繼祖父與繼孫女之間,继祖父是祖父的续弦丈夫，继孙女是儿子或女儿的子女。这是性别化的拟制直系关系，除继承关系特征外，还受到古代性别规范的影响。继祖父对继孙女负有道德保护责任，尤其在婚嫁事务中可能参与意见。继孙女需遵守'男女有别'的礼仪，保持适度尊敬。这种关系常因缺乏血缘而较为疏淡，但在强调家族和睦的伦理框架下，双方仍需维持表面礼数。,繼祖父與繼孫女之間,
繼祖母與繼孫之間,继祖母-继孙子,繼祖母與繼孫之間,继祖母是祖父的续弦妻子，继孙是儿子或女儿的子女。这是通过婚姻联结的拟制直系关系。古代家庭中，继祖母若得到家族承认，可享有祖母的部分礼仪地位，但对继孙的管教权有限。继孙需对其行孝道礼仪，但情感亲密度常取决于继祖母是否生育子嗣及在家族中的实际地位。在祭祀、分家等事务中，继祖母通常不能完全等同于原生祖母，其关系受'嫡庶尊卑'观念影响较深。,繼祖母與繼孫之間,
繼祖母與繼孫女之間,继祖母-继孙女,繼祖母與繼孫女之間,在中國古代宗法制度下，繼祖母是祖父續娶的妻子，與繼孫女無血緣關係，但通過婚姻進入家族。禮法上繼祖母享有祖母的名分與尊敬，繼孫女需執孝道禮儀，但實際親密度與情感連結常取決於家庭具體情境。宗族活動中繼祖母可參與教導女德、婚嫁指導等事務，其地位雖不及原配祖母，仍受家族禮制保障。,繼祖母與繼孫女之間,
繼外祖父與繼外孫之間,继外祖父-继外孙子,繼外祖父與繼外孫之間,繼外祖父是母親繼父，與外孫無血緣紐帶。古代外戚關係本就較父系疏遠，繼外祖父更處親緣邊緣。禮儀往來多依母親的聯繫而定，若母親與繼父感情深厚，外孫或需執節問安；然在宗法體系中，繼外祖父對外孫幾無權威或義務，關係多流於形式性的禮節往還。,繼外祖父與繼外孫之間,
繼外祖父與繼外孫女之間,继外祖父-继外孙女,繼外祖父與繼外孫女之間,此關係較外孫更添性別隔閡。古代女性深居簡出，繼外祖父與外孫女接觸有限，僅在年節家宴等場合依禮問候。外孫女對繼外祖父的禮敬程度常取決於母親態度，且因外嫁後關係更為淡薄。繼外祖父對外孫女幾無教養或婚配決定權，屬禮制框架下極疏遠的姻親連結。,繼外祖父與繼外孫女之間,
繼外祖母與繼外孫之間,继外祖母-继外孙子,繼外祖母與繼外孫之間,繼外祖母是母親繼母，與外孫無血緣。古代女性通過婚姻進入外家，其名分雖為外祖母，但實際親疏受母親與繼母關係深刻影響。若母親幼受其撫育，則外孫或需以孝親之禮待之；然因外孫屬外姓男丁，繼外祖母對其教養、仕途等幾無介入空間，關係多體現為年節饋贈、問安等儀式性往來。,繼外祖母與繼外孫之間,
繼外祖母與繼外孫女之間,继外祖母-继外孙女,繼外祖母與繼外孫女之間,雙重邊緣化的關係：既無血緣又屬外姓女性親屬。古代社會中，繼外祖母對外孫女的影響僅可能體現在女紅、婦德等閨閣教習場合，且須透過母親中介。外孫女出嫁後，此關係幾近斷裂。禮制雖要求『敬老』的普遍原則，但具體互動極度依賴家庭個案情感，宗法體系中幾乎不被記載或規範。,繼外祖母與繼外孫女之間,
繼父與繼子之間,继父-继子,繼父與繼子之間,在宗法制度下，繼父子關係雖無血緣但受禮法約束。繼父對繼子有教養之責，但繼子對繼父的服喪規格低於生父（《儀禮·喪服》載『繼父同居者期，不同居者無服』）。財產繼承權常受限，需通過『立嗣』程序強化關係。關係核心在『義』而非『親』，易受家族內部張力影響。,繼父與繼子之間,
繼父與繼女之間,继父-继女,繼父與繼女之間,受『男女之防』禮教嚴格規範，關係較繼父子更為疏離。繼父對繼女負監護教養之責至出嫁，但日常接觸受限。繼女出嫁後與繼父基本脫離法律關係，喪服僅為緦麻（三月）。財產繼承權極弱，關係本質是暫代性的監護義務，強調『防嫌』與『名節』維護。,繼父與繼女之間,
繼母與繼子之間,继母-继子,繼母與繼子之間,宗法社會中極敏感的倫理關係。繼母雖具嫡母名分（《禮記·曲禮》『繼母如母』），但實際常受『晚娘苛待』社會敘事影響。繼子對繼母需行孝道，服斬衰三年，但繼母對繼子的教養權受族親監督。財產爭端多發，宋代後司法實踐中常以『母子名分』調解矛盾。,繼母與繼子之間,
繼母與繼女之間,继母-继女,繼母與繼女之間,受女教體系塑造的閨閣關係。繼母對繼女的教化責任重於繼子，涉及女德、女紅等出嫁前培訓。關係親疏取決於繼母是否生有己女，易形成閨閣內權力階序。喪服同親生母女（齊衰三年），但情感聯結多依賴繼母個人德行，文學作品中常呈現為壓迫或救贖的兩極敘事。,繼母與繼女之間,
繼兄與繼弟之間,继兄-继弟,繼兄與繼弟之間,屬『同父異母』或『同母異父』的特殊兄弟關係。宗法上區別於『同氣連枝』的嫡親兄弟，喪服降等（《儀禮》載『繼兄弟之服小功』）。共居時按長幼序齒，但分家時繼兄弟的財產權常低於嫡親子。關係游移於『義兄弟』與『血緣兄弟』之間，科舉時代的繼兄弟同年現象是重要聯結紐帶。,繼兄與繼弟之間,
繼兄與繼妹之間,继兄-继妹,繼兄與繼妹之間,在宗法制度下，继兄妹因父母再婚形成拟制血缘关系。虽无直接血缘，但受'男女有别'礼教约束，日常相处需遵循'兄妹之礼'，在家庭伦理序列中通常比照亲兄妹定位。财产继承权低于嫡子，但若家族认可，仍可享有部分家族照顾义务。,繼兄與繼妹之間,
繼姊與繼弟之間,继姐-继弟,繼姊與繼弟之間,受长幼有序伦理影响，继姊对继弟存在一定教导与照拂责任，类似'长姊如母'的延伸。弟对姊需持敬重态度，这种关系往往承载着维系重组家庭稳定的象征意义，其亲密程度常取决于继父母的实际态度及家族宗亲的认可度。,繼姊與繼弟之間,
繼姊與繼妹之間,继姐-继妹,繼姊與繼妹之間,在女性内闱空间中形成的生活共同体关系。既共享'同室而居'的日常亲密性，又因继女身份存在潜在竞争（如嫁妆分配、婚配资源）。情感纽带常取决于生母在家庭中的地位及双方年龄差，宗族文书多将之统称为'姊妹'而不刻意区分血缘。,繼姊與繼妹之間,
養父與養子之間,养父-养子,養父與養子之間,通过正式收养仪式建立的拟制父子关系，需经宗族见证与官府备案。养子可入宗谱、改姓氏，承担祭祀重任，法律地位近似嫡子。但实际家庭地位常受原生家庭背景、收养年龄及族老态度影响，经典案例可见《唐律疏议》对养子继承权的细致规定。,養父與養子之間,
養父與養女之間,养父-养女,養父與養女之間,具有双重伦理属性：对外遵循'父子之伦'，养女需恪守孝道与闺阁礼法；对内隐含'男女大防'的特殊张力。养女婚姻权完全掌握在养父手中，其出嫁往往承载着为养父家族缔结社会联盟的功能，汉代'假子'现象中常见此类政治联姻案例。,養父與養女之間,
養母與養子之間,养母-养子,養母與養子之間,在中國古代宗法制度下，養母與養子關係雖非血緣所繫，但經由正式收養程序（如過繼、立嗣）建立，具有法律與倫理上的親子效力。養子通常承擔祭祀、繼承家業的責任，養母則享有嫡母的尊嚴與孝養義務。此關係受《禮記》與歷代律法規範，強調『繼絕世』的宗族延續功能，情感上雖可能親如己出，但社會地位仍以宗法承嗣為核心。,養母與養子之間,
養母與養女之間,养母-养女,養母與養女之間,養母與養女關係多基於撫育孤幼或家庭需要而建立，古代常見於收養旁系孤女或民間慈恤行為。此關係缺乏宗祧繼承意義，主要體現撫育與恩義連結。養女須對養母盡孝道，養母則負有教養、婚配之責。受『男女有別』觀念影響，養女地位常依附於家庭內部勞動與婚姻價值，情感紐帶雖可深厚，但法律保障較養子為弱。,養母與養女之間,
義父與義子之間,义父-义子,義父與義子之間,義父子關係屬擬制血親，通過結拜、認親等儀式建立，常見於江湖、軍旅或地方社群。此關係強調忠義與互助，帶有強烈的社會聯盟色彩，如《三國演義》中劉備與關羽、張飛的結義即為典型。義父對義子多有提攜庇護之責，義子則需恪守『事父之禮』，但此關係不具宗法繼承權，且可能因利益或情義變化而動搖，與宗法性的養父子有本質區別。,義父與義子之間,
義父與義女之間,义父-义女,義父與義女之間,義父與義女關係多出於社會交往中的庇護或情誼認可，如權貴收民間女子為義女以施恩或聯結勢力。此關係兼具恩庇與擬親屬情感，義父常擔當保護者與資助者角色，義女則以尊崇與侍奉回報。古代文學中常見義女為義父家族利益聯姻的情節，反映其工具性一面。關係穩定性取決於雙方社會資源的交換，缺乏宗法約束。,義父與義女之間,
義母與義子之間,义母-义子,義母與義子之間,義母子關係通常隨義父子關係衍生，或由女性主導建立的情感性擬親屬連結。義母可能因無子、慈愛或社會經營需要認義子，強調母性照拂與恩義回報。此關係在民間信仰中尤具象徵意義（如認神明為義母以保平安），但法律上無繼承效力。情感層面常模擬『慈母孝子』的倫理互動，然易受家族本生親屬關係的制約。,義母與義子之間,
義母與義女之間,义母-义女,義母與義女之間,義母與義女是基於收養或結拜形成的擬制親屬關係，在禮法上類比於血緣母女，但實際情感與權責常取決於具體家庭情境。義母對義女負有教養之責，義女則需遵守孝道禮儀；這種關係在宗法制度中地位低於血親，但通過儀式與社會認可建立倫理約束，常見於撫孤、結義或家族聯誼等場景。,義母與義女之間,
妻與妾之間,原配-第三者,妻與妾之間,妻與妾的地位在禮制中嚴格區分：妻為『正室』，明媒正娶，主持內務；妾為『側室』，多以納聘或陪嫁等方式入門，地位低微。二者關係以尊卑為主軸，妻對妾有管教權，妾需對妻執禮恭敬。家庭中既有主從秩序的協作，亦常因子嗣、寵愛等產生隱性競爭，但妾始終不可逾越妻的宗法權威。,妻與妾之間,
夫與妾之間,出轨者-第三者,夫與妾之間,夫與妾的關係受禮法與情感雙重影響。夫對妾擁有支配權，妾對夫需恪守服從與侍奉之責；這種關係缺乏夫妻間的平等禮制基礎，妾的權利受限（如不可參與宗廟祭祀）。然而在實際生活中，情感親疏、子嗣因素可能使妾獲得一定家庭影響力，但始終無法動搖嫡庶尊卑的結構。,夫與妾之間,
夫與原配之間,夫-妻,夫與原配之間,夫與原配是經『六禮』正娶的正式夫妻，為宗法制度的核心關係。原配作為嫡妻，與夫『齊體同尊』，共同承擔祭祀、繼嗣與治家之責。關係以『夫為妻綱』為基礎，但亦強調『伉儷之義』與互敬。原配的地位受禮法嚴格保護，其子女為嫡出，在繼承中享有優先權，體現了儒家家庭倫理的典範。,夫與原配之間,
夫與繼室之間,夫-妻,夫與繼室之間,繼室為原配亡故或離異後續娶之正妻，雖具備妻的禮法地位，但在宗法傳統中常面臨微妙處境：她需繼承原配的理家職責，卻可能因『繼娶不繼尊』的觀念而隱含身份差序。夫與繼室的關係仍遵循夫妻綱常，但可能受前妻子女、原配家族等因素影響，其家庭整合往往需要更複雜的倫理協調。,夫與繼室之間,
原配與繼室之間,原配-继室,原配與繼室之間,在原配去世或離異後續娶的正妻稱為繼室，二者在宗法地位上同屬嫡妻，但繼室在家族禮法上需尊重原配的歷史地位。祭祀時原配神主常居左位（尊位），繼室居右；原配所生子女對繼室稱母親，但生母地位不可替代。兩者在家族記憶中形成微妙的繼承與並置關係，體現『嫡統連續性』與『尊卑有序』的雙重原則。,原配與繼室之間,
嫡母與嫡子女之間,嫡母-嫡子女,嫡母與嫡子女之間,嫡母作為父親明媒正娶的正妻，是嫡子女的法定母親，關係受宗法制度嚴格保障。嫡子女擁有完整的繼承權與家族地位，嫡母對其負有教養、婚配的責任，並共享其社會榮譽。這種關係以『嫡長繼承制』為核心，強調血統純正與禮法正統性，是維繫宗族穩定的關鍵紐帶。,嫡母與嫡子女之間,
嫡母與庶子女之間,嫡母-庶子女,嫡母與庶子女之間,庶子女稱父親正妻為嫡母，雙方存在法定母子名分但無血緣關係。嫡母對庶子女擁有教養權與婚姻決定權，庶子女須對嫡母行孝道禮儀。在財產繼承與社會地位上，庶子女低於嫡子女，體現『嫡庶有別』的等級秩序，但嫡母對庶子女的態度常因家族利益與個人性情而呈現慈嚴之別。,嫡母與庶子女之間,
庶母與嫡子女之間,庶母-嫡子女,庶母與嫡子女之間,庶母（妾室）與嫡子女之間存在尊卑分明的禮法關係：嫡子女稱父親妾室為庶母或姨娘，庶母須對嫡子女保持禮敬。嫡子女對庶母僅需履行基本禮節，無須如對嫡母般盡全孝。這種關係折射出『以嫡為尊』的宗法邏輯，妾室地位雖低但仍屬尊長範疇，形成階序化的家庭倫理結構。,庶母與嫡子女之間,
庶母與庶子女之間,庶母-庶子女,庶母與庶子女之間,庶母與親生庶子女之間存在血緣關係，但受宗法制度壓抑：庶子女在公開場合須優先承認嫡母的母權，對生母的親情表達受限。庶母對子女的養育權常受嫡母制約，子女成就亦首先榮耀嫡母。此關係體現『子以母賤，母以子貴』的互動特徵，在禮法縫隙中維繫著隱性的情感連結。,庶母與庶子女之間,
宗子與支子,宗子-余子,宗子與支子,宗子为宗法制度下嫡长系大宗之继承人，主持宗庙祭祀、掌管族产、统率全族，具有宗族内的最高权威；支子则为嫡长子以外的其他儿子（包括嫡次子及庶子），在宗法体系中处于从属地位，需尊奉宗子为宗族代表。二者关系体现周代以降宗法制的核心原则——『尊尊亲亲』，宗子享有政治、经济与礼仪特权，支子则承担服从义务，形成以血缘为纽带的等级化家族治理结构。,宗子與支子,
嫡子女與庶子女之間,嫡子女-庶子女,嫡子女與庶子女之間,嫡子女指正妻所生子女，庶子女指妾室或非正妻所生子女。在礼法社会中，嫡子女地位远高于庶子女，尤其在继承权、社会身份及婚姻匹配上差异显著。嫡子女可承袭爵位、宗祧及主要家产，庶子女仅能获得有限资源；日常生活中亦强调『嫡尊庶卑』的礼仪区分，但二者仍属同父兄弟姐妹，在孝道伦理下需共同奉祀父亲，形成以父系权威为中心、内部等级森严的家庭关系。,嫡子女與庶子女之間,
嫡長子與嫡次子之間,嫡长子-嫡次子,嫡長子與嫡次子之間,二者均为正妻所生，但嫡长子因『立嫡以长』的宗法原则具有特殊地位，是家族宗祧、爵位及主要财产的第一顺位继承人；嫡次子虽同为嫡子，但地位次于嫡长子，通常可通过分得部分家产另立门户，形成小宗。二者关系在礼制上强调『长幼有序』，嫡长子对家族负有主祭、统合之责，嫡次子需尊崇长兄的宗法权威，但在情感与日常相处中仍以同胞兄弟之谊为基础。,嫡長子與嫡次子之間,
嫡次子與庶長子之間,嫡次子-庶长子,嫡次子與庶長子之間,嫡次子为正妻所生次子，庶长子为妾室所生最年长之子。尽管庶长子年长，但在宗法制度下，其地位仍低于所有嫡子（包括年幼的嫡次子）。继承顺序上，嫡次子优先于庶长子；社会评价中，嫡子的出身身份更具优势。二者关系凸显古代『嫡庶之别重于长幼之序』的原则，庶长子虽可能因年长而承担部分家务，但礼法上仍需尊嫡为贵，形成血缘亲近与制度等级间的张力。,嫡次子與庶長子之間,
嫡兄與庶弟之間,嫡兄-庶弟,嫡兄與庶弟之間,嫡兄为正妻所生兄长，庶弟为妾室所生弟弟。在宗法伦理中，嫡兄对庶弟具有身份压制性权威，庶弟须恪守『敬嫡』之礼，服从嫡兄的家族代表地位；但另一方面，儒家提倡『兄友弟恭』，嫡兄亦需对庶弟履行一定程度的爱护与教导责任。这种关系交织血缘亲情与等级界限，庶弟虽在继承与话语权上受限，但仍属家族成员，共同参与祭祀与经济活动，体现宗族内部『统而不疏』的治理特点。,嫡兄與庶弟之間,
嫡兄與庶妹之間,嫡兄-庶妹,嫡兄與庶妹之間,在宗法制度下，嫡兄（正妻所生之子）與庶妹（妾室所生之女）的關係具有鮮明的階級性與禮法約束。嫡兄作為宗族正統繼承者，對庶妹具有監護與支配的權威，庶妹則需恪守『尊嫡』原則，在家庭地位、資源分配及婚姻決定上均從屬於嫡系。雙方互動須嚴格遵循《禮記》所載『長幼有序，嫡庶有別』的倫理規範，情感聯繫常被宗法責任所覆蓋，庶妹對嫡兄的恭敬往往多於親近。,嫡兄與庶妹之間,
嫡姊與庶弟之間,嫡姐-庶弟,嫡姊與庶弟之間,嫡姊（正妻所生之女）與庶弟（妾室所生之子）的關係呈現複雜的權力交錯。嫡姊憑藉嫡出身份在家庭內享有尊榮，對庶弟具有禮法上的優越地位；庶弟雖為男性，但其庶出身份使其在繼承權與家族話語權上受限。雙方關係受『男尊女卑』與『嫡尊庶卑』雙重原則制約：嫡姊可憑血統高貴對庶弟行教導之責，但庶弟成年後可能因性別優勢獲得一定社會資源。這種關係常體現為禮儀性的尊卑互動，情感紐帶易受宗法利益影響。,嫡姊與庶弟之間,
嫡姊與庶妹之間,嫡姐-庶妹,嫡姊與庶妹之間,嫡姊與庶妹（皆為女性，但分屬正妻與妾室所生）的關係是古代家庭女性階層的縮影。嫡姊在閨閣秩序中居主導地位，庶妹需對其執恭順之禮，雙方在衣食配給、教育資源及婚配選擇上存在制度性差異。關係特點集中體現於『嫡統庶從』的內闈規則：庶妹常需輔佐嫡姊處理女紅、祭祀等事務，形成事實上的主從關係。情感上既有同為女性的共鳴，又因身份鴻溝而疏離，其互動模式深刻反映『室無二嫡』的宗法設計對女性關係的塑造。,嫡姊與庶妹之間,
