Column1,Formality,Activeness,Valence,Exchange,Equality,rel
三从兄-三从弟,-0.205946376,2.137288693,-1.285964932,-2.552949756,-0.992768312,三从兄-三从弟
义母-义女,0.133177364,-0.490618754,-0.159092326,1.167863186,0.177737066,义母-义女
义母-义子,0.635443852,-0.184879891,0.058197571,0.763096597,0.582442356,义母-义子
义父-义女,1.305768023,1.152110319,0.388068815,-0.437854093,1.803219806,义父-义女
义父-义子,1.643301968,-1.556441322,1.064537401,-0.271295691,1.090502907,义父-义子
亲家-亲家,0.094906062,-0.959745375,-1.669052007,0.889772597,0.589459685,亲家-亲家
从祖姑-从侄孙,0.697572641,-0.084320964,1.007085534,0.513212846,-1.191010082,从祖姑-从侄孙
从祖母-从孙女,-1.564664363,1.231422873,3.214667919,1.407112067,0.734393582,从祖母-从孙女
从祖父-从孙女,-1.884875108,-0.553014453,0.1785555,-1.945357324,1.189345796,从祖父-从孙女
从祖父-从孙子,-0.562901244,-0.499046526,-0.065013101,-0.187289477,0.038542558,从祖父-从孙子
伯母-侄女,-1.21176108,1.268204198,-0.361164081,1.868318033,-0.191796737,伯母-侄女
伯母-侄子,0.444123138,2.036462535,1.015192694,0.420498216,0.221934242,伯母-侄子
伯父-侄女婿,0.194326532,1.727126696,0.730596772,-1.665407503,-0.518363536,伯父-侄女婿
伯父-侄媳,-0.219855267,0.150614249,0.16095238,-0.376662928,-0.113278595,伯父-侄媳
伯父-侄子,0.204095332,-0.476913542,0.002889403,-0.741043156,1.208578739,伯父-侄子
兄-妹,-0.022009313,-1.074690244,-0.026105168,0.040594073,-0.889410304,兄-妹
兄-弟,-0.169726258,-1.183469813,-1.211738215,-0.073744099,-0.188277205,兄-弟
公公-儿媳,-0.416873497,0.222431016,0.679002822,-1.468703736,1.404390934,公公-儿媳
养母-养女,0.323152482,-0.546375971,0.005921905,0.102580106,-0.400901677,养母-养女
养母-养子,1.943607421,-0.270041116,0.943028656,-0.066816418,0.198872474,养母-养子
养父-养女,1.351182979,-0.260443995,1.161909816,0.043064704,-0.104898819,养父-养女
养父-养子,-0.496397255,-1.135377246,2.037853519,0.565469403,-1.21118915,养父-养子
再从兄-再从弟,1.108664246,0.275651988,-0.358766454,-1.069629507,1.375004205,再从兄-再从弟
叔-嫂,-0.600562047,0.766612363,-1.151792708,0.821613765,0.93934415,叔-嫂
叔母-侄女,-0.798260012,0.456479818,-0.100091995,-0.589987204,0.358010682,叔母-侄女
叔母-侄子,-0.06238804,-0.283556925,-0.093643177,-0.522846972,2.056198294,叔母-侄子
叔父-侄女,-0.135386846,-1.157821243,0.27388589,1.862070661,-0.651556976,叔父-侄女
叔父-侄子,-0.414792238,0.33088206,-0.343700812,-1.373522942,-3.040664804,叔父-侄子
同母异父兄-同母异父妹,1.383036741,-0.360267652,-0.736653039,-0.814018544,-0.251565639,同母异父兄-同母异父妹
同母异父兄-同母异父弟,2.195398129,-0.709180696,0.396395668,-0.556034557,0.720127501,同母异父兄-同母异父弟
同母异父姐-同母异父妹,2.172547238,0.126232675,-0.169937245,-0.025408404,-0.770481699,同母异父姐-同母异父妹
同母异父姐-同母异父弟,1.029622004,-0.093601457,-0.399554539,0.056798016,-0.467619521,同母异父姐-同母异父弟
同父异母兄-同父异母妹,2.129457443,0.271645046,0.309818551,0.533058419,0.773042032,同父异母兄-同父异母妹
同父异母兄-同父异母弟,0.465310049,-0.938309303,-1.221228984,0.965778506,0.301103279,同父异母兄-同父异母弟
同父异母姐-同父异母妹,1.381507086,-0.297289249,-0.366230622,-0.078702694,0.041313041,同父异母姐-同父异母妹
堂伯-堂侄,-0.222898933,0.100865753,-0.693989408,0.082196665,-0.024661238,堂伯-堂侄
堂兄-堂妹,-0.082504404,-1.916222676,-1.031143582,1.287164746,-0.994888061,堂兄-堂妹
堂兄-堂弟,0.662228148,-0.104183189,-0.917653142,-0.960900426,-0.605351361,堂兄-堂弟
堂姐夫-堂内弟,-0.04199932,1.03761065,-0.461714255,0.088482196,-0.771779127,堂姐夫-堂内弟
堂姐-堂妹,-0.692867093,-0.188830529,-1.441039499,0.380409377,-0.386093486,堂姐-堂妹
堂姐-堂弟,0.305622276,-1.139530441,-0.680995839,-0.540202505,0.874437893,堂姐-堂弟
堂祖母-堂侄孙,-0.281548378,-0.1845665,0.889460372,-0.409304713,0.733004666,堂祖母-堂侄孙
堂祖父-堂侄孙,-2.270525032,-0.681343178,-0.717625947,-1.669329257,2.937328761,堂祖父-堂侄孙
外曾祖母-外曾孙,-1.277859128,-0.782204119,0.077743526,0.016386025,-0.322219056,外曾祖母-外曾孙
外曾祖父-外曾孙,0.805497893,-0.327020517,1.584251386,1.049083092,-1.314510087,外曾祖父-外曾孙
外祖母-外孙女,-0.639592008,-1.766016451,-0.384632235,0.954580912,-0.67615165,外祖母-外孙女
外祖母-外孙子,-0.731652155,-1.053210031,1.186461293,1.215158468,-0.282883855,外祖母-外孙子
外祖父-外孙女,-0.523549802,0.294882783,-0.038941315,-0.011026205,-0.023319824,外祖父-外孙女
外祖父-外孙子,-1.240189835,1.116396165,-0.552326846,2.576032347,0.578951549,外祖父-外孙子
夫-妻,0.02306202,-1.776478774,-0.768053272,-0.426806287,0.450441351,夫-妻
妹夫-妻姐,2.880218808,2.67377559,-2.077187579,0.170180294,-0.116601918,妹夫-妻姐
姐夫-妹夫,0.537924011,1.497763374,-1.541557341,-0.649728635,0.02146848,姐夫-妹夫
姐夫-妻弟,0.058205334,0.338513934,-1.097164464,0.039932581,-0.508444286,姐夫-妻弟
姐-妹,-0.194225684,-1.2051087,-0.548202905,0.242788419,-0.277940972,姐-妹
姐-弟,0.391957924,-1.203085872,-0.290922756,0.187819926,-0.619472796,姐-弟
姑-嫂,-0.408945223,0.662649031,-1.287480386,-1.740511357,-1.758302498,姑-嫂
姑母-侄女,-1.65449395,0.348727696,0.232283376,-1.206001675,-1.426080744,姑母-侄女
姑母-侄子,-0.738341724,-0.268746835,-0.095407371,-1.853082356,0.49006591,姑母-侄子
姑父-侄子,0.50236432,0.969514993,-0.108118769,-0.144539662,0.798942027,姑父-侄子
姑表兄-姑表妹,0.704788807,1.159900459,-0.263844522,-0.586882633,-0.294278305,姑表兄-姑表妹
姑表兄-姑表弟,1.054885613,-0.135437747,-0.321154378,-0.160410813,0.827855041,姑表兄-姑表弟
姑表姐-姑表妹,-0.659592223,0.262717411,-1.050169493,-0.602315728,-0.415752033,姑表姐-姑表妹
姑表姐-姑表弟,-0.481065056,-0.051077572,-1.012725191,-0.377052462,0.342550046,姑表姐-姑表弟
姨母-外甥,-0.038311258,2.053546476,1.366066855,1.091037719,-0.141978732,姨母-外甥
姨母-外甥女,-2.929776504,1.236192781,-1.281796988,2.134408646,2.296108586,姨母-外甥女
姨父-外甥,-0.72096599,-0.249965146,0.093780385,0.496197827,0.490319406,姨父-外甥
姨表兄-姨表妹,-0.069780765,-1.874658846,-1.053974619,0.995825752,-0.570626739,姨表兄-姨表妹
姨表兄-姨表弟,-0.058044453,1.984478615,-1.347205446,-0.763272852,-0.221937171,姨表兄-姨表弟
姨表姐-姨表妹,-0.346809807,0.209985866,-1.085433503,0.573595201,-0.038889271,姨表姐-姨表妹
姨表姐-姨表弟,-0.144443823,-0.516440078,-1.541389128,0.085384632,0.953193199,姨表姐-姨表弟
婆婆-儿媳,0.152795851,0.198496098,0.468587496,-0.940542524,0.519427152,婆婆-儿媳
岳母-女婿,0.706337672,0.562666158,0.532282898,-0.51831484,0.676856621,岳母-女婿
岳父-女婿,1.027180446,0.284284114,0.733129973,-0.151163767,1.643995609,岳父-女婿
干妈-干女儿,-1.690463376,0.860323516,0.541285918,-1.004709972,-0.666163088,干妈-干女儿
干爹-干儿子,-1.047394944,1.352990343,-0.621986857,-0.771868764,-2.154491751,干爹-干儿子
异父异母兄-异父异母妹,0.482349305,0.336361745,-1.472433687,1.021411636,-1.313453656,异父异母兄-异父异母妹
异父异母姐-异父异母妹,0.85504797,0.564470919,-0.144043404,-1.312264372,-1.610770932,异父异母姐-异父异母妹
异父异母姐-异父异母弟,-0.158607897,0.220957372,-1.688153665,2.664213601,-0.458122711,异父异母姐-异父异母弟
弟媳-伯,-0.093154165,0.595323644,-0.241468336,-0.104995532,1.1778217,弟媳-伯
族伯叔-族侄,-0.892051978,0.821743238,2.630224586,-0.552726181,-0.873063295,族伯叔-族侄
族姐-族妹,-0.062938728,0.885490631,-1.0688499,-1.403491542,-2.512934665,族姐-族妹
曾祖母-曾孙女,-1.136738096,-1.409866634,0.963639297,-2.083246596,-0.0592006,曾祖母-曾孙女
曾祖母-曾孙子,-0.498756966,-0.454163839,0.743080973,-0.697580389,-0.575280856,曾祖母-曾孙子
曾祖父-曾孙女,-0.501574348,-0.639870042,0.830683318,0.043269465,0.367841494,曾祖父-曾孙女
曾祖父-曾孙子,-0.908477334,-0.133222121,0.779174122,0.15937765,0.314296983,曾祖父-曾孙子
母-女,-0.920156972,-2.386469397,1.032922828,-1.60721454,0.149279405,母-女
母-子,0.04124926,-1.161932047,0.927279394,0.258215935,-0.087605254,母-子
父-女,0.304505567,-1.37765908,0.80294279,0.680000468,0.429062193,父女-
父-子,-0.612665272,-1.609562269,0.651519515,0.292154442,0.315944095,父-子
祖先-后代,-1.283523851,1.049912296,1.076004803,-1.515972424,-0.500471794,祖先-后代
祖母-孙女,-0.99113524,-0.489791355,1.24889476,1.398042562,-0.834166158,祖母-孙女
祖母-孙子,-0.300328191,-0.154854393,1.087230734,0.084426659,-0.480315792,祖母-孙子
祖父-孙女,-0.999007229,1.159494531,1.351734225,0.068835119,0.04949186,祖父-孙女
祖父-孙子,-1.371108371,-0.467763323,0.170751863,-0.097352672,-0.796070397,祖父-孙子
继兄-继妹,2.208782945,0.666434395,-0.542858361,0.014290416,0.989939189,继兄-继妹
继兄-继弟,0.58018593,-1.095674548,-1.401108711,1.434783219,-0.173783957,继兄-继弟
继外祖母-继外孙女,-2.143812545,2.794969389,-0.311787331,2.911654733,2.399294373,继外祖母-继外孙女
继外祖父-继外孙子,0.392684875,0.76778094,0.348468824,0.108969439,0.911859627,继外祖父-继外孙子
继姐-继妹,1.040831376,-0.164245049,-0.959332533,0.24977233,-0.503575508,继姐-继妹
继姐-继弟,0.809612911,-0.394115803,-0.654430958,-1.035477488,1.686080975,继姐-继弟
继母-继女,0.527041258,-0.40160414,0.342081162,0.652242367,0.701959196,继母-继女
继母-继子,2.010573064,0.252225852,0.567797818,-0.114015655,0.69056855,继母-继子
继父-继女,1.229526561,-0.285721278,0.732232879,-0.121464507,0.793252668,继父-继女
继父-继子,0.490038748,-0.028448151,1.069576276,-0.663377464,1.523034931,继父-继子
继祖母-继孙女,0.520436684,1.740018962,0.529893443,0.575826558,-0.73545691,继祖母-继孙女
继祖母-继孙子,0.918994683,0.629397366,1.303649864,0.205015787,0.868125243,继祖母-继孙子
继祖父-继孙女,1.667427428,1.085628912,1.364963679,0.578336899,-0.684068555,继祖父-继孙女
继祖父-继孙子,-0.025655328,-0.743021084,2.083735434,0.331504525,-1.862920201,继祖父-继孙子
舅公-甥孙,-0.696991369,-0.348582437,0.381952458,-1.730322524,1.922918723,舅公-甥孙
舅母-外甥,-0.451196439,-0.829606376,0.221169098,-0.149384235,0.738688976,舅母-外甥
舅母-外甥女,-0.689419442,1.017257777,-0.251644743,-0.081144827,-0.39881116,舅母-外甥女
舅父-外甥,-0.177444753,0.160536748,0.814195543,0.224707235,0.338877765,舅父-外甥
舅父-外甥女,0.142687735,-0.270032574,0.807495623,0.117452867,-0.775822845,舅父-外甥女
舅父-甥女婿,1.04397991,-0.932381061,1.049411341,0.64434228,-1.599298492,舅父-甥女婿
舅表兄-舅表弟,-0.289024172,-0.432136857,-1.429172761,-0.048250682,0.378168458,舅表兄-舅表弟
舅表姐-舅表妹,-0.378897524,0.404675286,-0.983320406,0.815987769,-0.291595719,舅表姐-舅表妹
舅表姐-舅表弟,0.325848399,-0.116629126,0.142243862,1.607158797,-1.55339711,舅表姐-舅表弟
表兄-表弟,-0.26779591,-1.001044056,-1.532796083,0.604437334,-0.467152616,表兄-表弟
表姐-表妹,-1.573662903,-0.012582228,-1.56754084,-1.07857666,-1.19460669,表姐-表妹
表姐-表弟,-0.475015995,-1.253943871,-0.64665529,-1.365488411,0.356776836,表姐-表弟
表嫂-表小叔,0.389610145,-1.337135751,-0.927738602,1.145326314,0.012890969,表嫂-表小叔
高祖母-玄孙,0.323925356,1.439975975,2.083940349,0.838618816,-0.428679815,高祖母-玄孙
高祖父-玄孙,-1.101229134,0.519489516,0.384116898,0.649647895,-1.187457038,高祖父-玄孙
