"","夫-妻","父-子","父-女","母-子","母-女","兄-弟","兄-妹","姐-弟","姐-妹","祖父-孙子","祖父-孙女","祖母-孙子","祖母-孙女","外祖父-外孙子","外祖父-外孙女","外祖母-外孙子","外祖母-外孙女","曾祖父-曾孙子","曾祖父-曾孙女","曾祖母-曾孙子","曾祖母-曾孙女","高祖父-玄孙","高祖母-玄孙","外曾祖父-外曾孙","外曾祖母-外曾孙","祖先-后代","伯父-侄子","伯母-侄子","伯母-侄女","叔父-侄子","叔父-侄女","叔母-侄子","叔母-侄女","姑父-侄子","姑母-侄子","姑母-侄女","舅父-外甥","舅父-外甥女","舅母-外甥","舅母-外甥女","姨父-外甥","姨母-外甥","姨母-外甥女","堂兄-堂弟","堂兄-堂妹","堂姐-堂弟","堂姐-堂妹","表兄-表弟","表姐-表弟","表姐-表妹","姑表兄-姑表弟","姑表兄-姑表妹","姑表姐-姑表弟","姑表姐-姑表妹","舅表兄-舅表弟","舅表姐-舅表弟","舅表姐-舅表妹","岳父-女婿","岳母-女婿","公公-儿媳","婆婆-儿媳","舅父-甥女婿","伯父-侄媳","伯父-侄女婿","姐夫-妻弟","妹夫-妻姐","叔-嫂","姑-嫂","弟媳-伯","姐夫-妹夫","亲家-亲家","从祖父-从孙子","从祖父-从孙女","从祖母-从孙女","从祖姑-从侄孙","再从兄-再从弟","三从兄-三从弟","堂伯-堂侄","族伯叔-族侄","族姐-族妹","堂祖父-堂侄孙","堂祖母-堂侄孙","堂姐夫-堂内弟","表嫂-表小叔","舅公-甥孙","继祖父-继孙子","继祖父-继孙女","继祖母-继孙子","继祖母-继孙女","继外祖父-继外孙子","继外祖母-继外孙女","继父-继子","继父-继女","继母-继子","继母-继女","继兄-继弟","继兄-继妹","继姐-继弟","继姐-继妹","养父-养子","养父-养女","养母-养子","养母-养女","义父-义子","义父-义女","义母-义子","义母-义女","同父异母兄-同父异母弟","同父异母兄-同父异母妹","同父异母姐-同父异母妹"
"夫-妻",0,0,0,0,0,0,0,0,0,0,-1,0,-1,-1,-1,0,0,0,0,0,0,-1,-1,-1,0,-1,-1,-1,-1,-1,0,-1,0,-1,0,-1,0,0,0,-1,0,-1,-1,-1,0,0,0,0,0,-1,-1,-1,0,-1,0,-1,-1,-1,-1,-1,-1,0,0,-1,-1,-1,-1,-1,-1,-1,0,0,0,-1,-1,-1,-1,0,-1,-1,0,0,-1,0,0,-1,-1,-1,-1,-1,-1,-1,-1,-1,-1,0,-1,-1,-1,0,-1,-1,0,-1,-1,-1,0,0,-1,-1
"父-子",0,0,0,0,0,0,0,0,0,0,-1,0,-1,-1,-1,0,0,0,0,0,0,-1,-1,-1,0,-1,-1,-1,-1,-1,0,-1,0,-1,0,-1,0,0,0,-1,0,-1,-1,-1,0,0,0,0,0,-1,-1,-1,0,-1,0,-1,-1,-1,-1,-1,-1,0,0,-1,-1,-1,-1,-1,-1,-1,0,0,0,-1,-1,-1,-1,0,-1,-1,0,0,-1,0,0,-1,-1,-1,-1,-1,-1,-1,-1,-1,-1,0,-1,-1,-1,0,-1,-1,0,-1,-1,-1,0,0,-1,-1
"父-女",0,0,0,0,0,0,0,0,0,0,-1,0,-1,-1,-1,0,0,0,0,0,0,-1,-1,-1,0,-1,-1,-1,-1,-1,0,-1,0,-1,0,-1,0,0,0,-1,0,-1,-1,-1,0,0,0,0,0,-1,-1,-1,0,-1,0,-1,-1,-1,-1,-1,-1,0,0,-1,-1,-1,-1,-1,-1,-1,0,0,0,-1,-1,-1,-1,0,-1,-1,0,0,-1,0,0,-1,-1,-1,-1,-1,-1,-1,-1,-1,-1,0,-1,-1,-1,0,-1,-1,0,-1,-1,-1,0,0,-1,-1
"母-子",0,0,0,0,0,0,0,0,0,0,-1,0,-1,-1,-1,0,0,0,0,0,0,-1,-1,-1,0,-1,-1,-1,-1,-1,0,-1,0,-1,0,-1,0,0,0,-1,0,-1,-1,-1,0,0,0,0,0,-1,-1,-1,0,-1,0,-1,-1,-1,-1,-1,-1,0,0,-1,-1,-1,-1,-1,-1,-1,0,0,0,-1,-1,-1,-1,0,-1,-1,0,0,-1,0,0,-1,-1,-1,-1,-1,-1,-1,-1,-1,-1,0,-1,-1,-1,0,-1,-1,0,-1,-1,-1,0,0,-1,-1
"母-女",0,0,0,0,0,0,0,0,0,0,-1,0,-1,-1,-1,0,0,0,0,0,0,-1,-1,-1,0,-1,-1,-1,-1,-1,0,-1,0,-1,0,-1,0,0,0,-1,0,-1,-1,-1,0,0,0,0,0,-1,-1,-1,0,-1,0,-1,-1,-1,-1,-1,-1,0,0,-1,-1,-1,-1,-1,-1,-1,0,0,0,-1,-1,-1,-1,0,-1,-1,0,0,-1,0,0,-1,-1,-1,-1,-1,-1,-1,-1,-1,-1,0,-1,-1,-1,0,-1,-1,0,-1,-1,-1,0,0,-1,-1
"兄-弟",0,0,0,0,0,0,0,0,0,0,-1,0,-1,-1,-1,0,0,0,0,0,0,-1,-1,-1,0,-1,-1,-1,-1,-1,0,-1,0,-1,0,-1,0,0,0,-1,0,-1,-1,-1,0,0,0,0,0,-1,-1,-1,0,-1,0,-1,-1,-1,-1,-1,-1,0,0,-1,-1,-1,-1,-1,-1,-1,0,0,0,-1,-1,-1,-1,0,-1,-1,0,0,-1,0,0,-1,-1,-1,-1,-1,-1,-1,-1,-1,-1,0,-1,-1,-1,0,-1,-1,0,-1,-1,-1,0,0,-1,-1
"兄-妹",0,0,0,0,0,0,0,0,0,0,-1,0,-1,-1,-1,0,0,0,0,0,0,-1,-1,-1,0,-1,-1,-1,-1,-1,0,-1,0,-1,0,-1,0,0,0,-1,0,-1,-1,-1,0,0,0,0,0,-1,-1,-1,0,-1,0,-1,-1,-1,-1,-1,-1,0,0,-1,-1,-1,-1,-1,-1,-1,0,0,0,-1,-1,-1,-1,0,-1,-1,0,0,-1,0,0,-1,-1,-1,-1,-1,-1,-1,-1,-1,-1,0,-1,-1,-1,0,-1,-1,0,-1,-1,-1,0,0,-1,-1
"姐-弟",0,0,0,0,0,0,0,0,0,0,-1,0,-1,-1,-1,0,0,0,0,0,0,-1,-1,-1,0,-1,-1,-1,-1,-1,0,-1,0,-1,0,-1,0,0,0,-1,0,-1,-1,-1,0,0,0,0,0,-1,-1,-1,0,-1,0,-1,-1,-1,-1,-1,-1,0,0,-1,-1,-1,-1,-1,-1,-1,0,0,0,-1,-1,-1,-1,0,-1,-1,0,0,-1,0,0,-1,-1,-1,-1,-1,-1,-1,-1,-1,-1,0,-1,-1,-1,0,-1,-1,0,-1,-1,-1,0,0,-1,-1
"姐-妹",0,0,0,0,0,0,0,0,0,0,-1,0,-1,-1,-1,0,0,0,0,0,0,-1,-1,-1,0,-1,-1,-1,-1,-1,0,-1,0,-1,0,-1,0,0,0,-1,0,-1,-1,-1,0,0,0,0,0,-1,-1,-1,0,-1,0,-1,-1,-1,-1,-1,-1,0,0,-1,-1,-1,-1,-1,-1,-1,0,0,0,-1,-1,-1,-1,0,-1,-1,0,0,-1,0,0,-1,-1,-1,-1,-1,-1,-1,-1,-1,-1,0,-1,-1,-1,0,-1,-1,0,-1,-1,-1,0,0,-1,-1
"祖父-孙子",0,0,0,0,0,0,0,0,0,0,-1,0,-1,-1,-1,0,0,0,0,0,0,-1,-1,-1,0,-1,-1,-1,-1,-1,0,-1,0,-1,0,-1,0,0,0,-1,0,-1,-1,-1,0,0,0,0,0,-1,-1,-1,0,-1,0,-1,-1,-1,-1,-1,-1,0,0,-1,-1,-1,-1,-1,-1,-1,0,0,0,-1,-1,-1,-1,0,-1,-1,0,0,-1,0,0,-1,-1,-1,-1,-1,-1,-1,-1,-1,-1,0,-1,-1,-1,0,-1,-1,0,-1,-1,-1,0,0,-1,-1
"祖父-孙女",-1,-1,-1,-1,-1,-1,-1,-1,-1,-1,0,-1,0,0,0,-1,-1,-1,-1,-1,-1,0,0,0,-1,0,-1,-1,0,0,-1,-1,-1,-1,-1,0,-1,-1,-1,0,-1,0,0,-1,-1,-1,-1,-1,-1,0,-1,-1,-1,0,-1,0,0,-1,-1,-1,-1,-1,-1,-1,0,-1,0,0,-1,-1,-1,-1,-1,0,0,-1,-1,-1,0,0,-1,-1,0,-1,-1,0,-1,-1,0,-1,0,-1,-1,-1,-1,-1,-1,-1,-1,-1,-1,-1,-1,-1,-1,-1,-1,-1,-1,-1
"祖母-孙子",0,0,0,0,0,0,0,0,0,0,-1,0,-1,-1,-1,0,0,0,0,0,0,-1,-1,-1,0,-1,-1,-1,-1,-1,0,-1,0,-1,0,-1,0,0,0,-1,0,-1,-1,-1,0,0,0,0,0,-1,-1,-1,0,-1,0,-1,-1,-1,-1,-1,-1,0,0,-1,-1,-1,-1,-1,-1,-1,0,0,0,-1,-1,-1,-1,0,-1,-1,0,0,-1,0,0,-1,-1,-1,-1,-1,-1,-1,-1,-1,-1,0,-1,-1,-1,0,-1,-1,0,-1,-1,-1,0,0,-1,-1
"祖母-孙女",-1,-1,-1,-1,-1,-1,-1,-1,-1,-1,0,-1,0,0,0,-1,-1,-1,-1,-1,-1,0,0,0,-1,0,-1,-1,0,0,-1,-1,-1,-1,-1,0,-1,-1,-1,0,-1,0,0,-1,-1,-1,-1,-1,-1,0,-1,-1,-1,0,-1,0,0,-1,-1,-1,-1,-1,-1,-1,0,-1,0,0,-1,-1,-1,-1,-1,0,0,-1,-1,-1,0,0,-1,-1,0,-1,-1,0,-1,-1,0,-1,0,-1,-1,-1,-1,-1,-1,-1,-1,-1,-1,-1,-1,-1,-1,-1,-1,-1,-1,-1
"外祖父-外孙子",-1,-1,-1,-1,-1,-1,-1,-1,-1,-1,0,-1,0,0,0,-1,-1,-1,-1,-1,-1,0,0,0,-1,0,-1,-1,0,0,-1,-1,-1,-1,-1,0,-1,-1,-1,0,-1,0,0,-1,-1,-1,-1,-1,-1,0,-1,-1,-1,0,-1,0,0,-1,-1,-1,-1,-1,-1,-1,0,-1,0,0,-1,-1,-1,-1,-1,0,0,-1,-1,-1,0,0,-1,-1,0,-1,-1,0,-1,-1,0,-1,0,-1,-1,-1,-1,-1,-1,-1,-1,-1,-1,-1,-1,-1,-1,-1,-1,-1,-1,-1
"外祖父-外孙女",-1,-1,-1,-1,-1,-1,-1,-1,-1,-1,0,-1,0,0,0,-1,-1,-1,-1,-1,-1,0,0,0,-1,0,-1,-1,0,0,-1,-1,-1,-1,-1,0,-1,-1,-1,0,-1,0,0,-1,-1,-1,-1,-1,-1,0,-1,-1,-1,0,-1,0,0,-1,-1,-1,-1,-1,-1,-1,0,-1,0,0,-1,-1,-1,-1,-1,0,0,-1,-1,-1,0,0,-1,-1,0,-1,-1,0,-1,-1,0,-1,0,-1,-1,-1,-1,-1,-1,-1,-1,-1,-1,-1,-1,-1,-1,-1,-1,-1,-1,-1
"外祖母-外孙子",0,0,0,0,0,0,0,0,0,0,-1,0,-1,-1,-1,0,0,0,0,0,0,-1,-1,-1,0,-1,-1,-1,-1,-1,0,-1,0,-1,0,-1,0,0,0,-1,0,-1,-1,-1,0,0,0,0,0,-1,-1,-1,0,-1,0,-1,-1,-1,-1,-1,-1,0,0,-1,-1,-1,-1,-1,-1,-1,0,0,0,-1,-1,-1,-1,0,-1,-1,0,0,-1,0,0,-1,-1,-1,-1,-1,-1,-1,-1,-1,-1,0,-1,-1,-1,0,-1,-1,0,-1,-1,-1,0,0,-1,-1
"外祖母-外孙女",0,0,0,0,0,0,0,0,0,0,-1,0,-1,-1,-1,0,0,0,0,0,0,-1,-1,-1,0,-1,-1,-1,-1,-1,0,-1,0,-1,0,-1,0,0,0,-1,0,-1,-1,-1,0,0,0,0,0,-1,-1,-1,0,-1,0,-1,-1,-1,-1,-1,-1,0,0,-1,-1,-1,-1,-1,-1,-1,0,0,0,-1,-1,-1,-1,0,-1,-1,0,0,-1,0,0,-1,-1,-1,-1,-1,-1,-1,-1,-1,-1,0,-1,-1,-1,0,-1,-1,0,-1,-1,-1,0,0,-1,-1
"曾祖父-曾孙子",0,0,0,0,0,0,0,0,0,0,-1,0,-1,-1,-1,0,0,0,0,0,0,-1,-1,-1,0,-1,-1,-1,-1,-1,0,-1,0,-1,0,-1,0,0,0,-1,0,-1,-1,-1,0,0,0,0,0,-1,-1,-1,0,-1,0,-1,-1,-1,-1,-1,-1,0,0,-1,-1,-1,-1,-1,-1,-1,0,0,0,-1,-1,-1,-1,0,-1,-1,0,0,-1,0,0,-1,-1,-1,-1,-1,-1,-1,-1,-1,-1,0,-1,-1,-1,0,-1,-1,0,-1,-1,-1,0,0,-1,-1
"曾祖父-曾孙女",0,0,0,0,0,0,0,0,0,0,-1,0,-1,-1,-1,0,0,0,0,0,0,-1,-1,-1,0,-1,-1,-1,-1,-1,0,-1,0,-1,0,-1,0,0,0,-1,0,-1,-1,-1,0,0,0,0,0,-1,-1,-1,0,-1,0,-1,-1,-1,-1,-1,-1,0,0,-1,-1,-1,-1,-1,-1,-1,0,0,0,-1,-1,-1,-1,0,-1,-1,0,0,-1,0,0,-1,-1,-1,-1,-1,-1,-1,-1,-1,-1,0,-1,-1,-1,0,-1,-1,0,-1,-1,-1,0,0,-1,-1
"曾祖母-曾孙子",0,0,0,0,0,0,0,0,0,0,-1,0,-1,-1,-1,0,0,0,0,0,0,-1,-1,-1,0,-1,-1,-1,-1,-1,0,-1,0,-1,0,-1,0,0,0,-1,0,-1,-1,-1,0,0,0,0,0,-1,-1,-1,0,-1,0,-1,-1,-1,-1,-1,-1,0,0,-1,-1,-1,-1,-1,-1,-1,0,0,0,-1,-1,-1,-1,0,-1,-1,0,0,-1,0,0,-1,-1,-1,-1,-1,-1,-1,-1,-1,-1,0,-1,-1,-1,0,-1,-1,0,-1,-1,-1,0,0,-1,-1
"曾祖母-曾孙女",0,0,0,0,0,0,0,0,0,0,-1,0,-1,-1,-1,0,0,0,0,0,0,-1,-1,-1,0,-1,-1,-1,-1,-1,0,-1,0,-1,0,-1,0,0,0,-1,0,-1,-1,-1,0,0,0,0,0,-1,-1,-1,0,-1,0,-1,-1,-1,-1,-1,-1,0,0,-1,-1,-1,-1,-1,-1,-1,0,0,0,-1,-1,-1,-1,0,-1,-1,0,0,-1,0,0,-1,-1,-1,-1,-1,-1,-1,-1,-1,-1,0,-1,-1,-1,0,-1,-1,0,-1,-1,-1,0,0,-1,-1
"高祖父-玄孙",-1,-1,-1,-1,-1,-1,-1,-1,-1,-1,0,-1,0,0,0,-1,-1,-1,-1,-1,-1,0,0,0,-1,0,-1,-1,0,0,-1,-1,-1,-1,-1,0,-1,-1,-1,0,-1,0,0,-1,-1,-1,-1,-1,-1,0,-1,-1,-1,0,-1,0,0,-1,-1,-1,-1,-1,-1,-1,0,-1,0,0,-1,-1,-1,-1,-1,0,0,-1,-1,-1,0,0,-1,-1,0,-1,-1,0,-1,-1,0,-1,0,-1,-1,-1,-1,-1,-1,-1,-1,-1,-1,-1,-1,-1,-1,-1,-1,-1,-1,-1
"高祖母-玄孙",-1,-1,-1,-1,-1,-1,-1,-1,-1,-1,0,-1,0,0,0,-1,-1,-1,-1,-1,-1,0,0,0,-1,0,-1,-1,0,0,-1,-1,-1,-1,-1,0,-1,-1,-1,0,-1,0,0,-1,-1,-1,-1,-1,-1,0,-1,-1,-1,0,-1,0,0,-1,-1,-1,-1,-1,-1,-1,0,-1,0,0,-1,-1,-1,-1,-1,0,0,-1,-1,-1,0,0,-1,-1,0,-1,-1,0,-1,-1,0,-1,0,-1,-1,-1,-1,-1,-1,-1,-1,-1,-1,-1,-1,-1,-1,-1,-1,-1,-1,-1
"外曾祖父-外曾孙",-1,-1,-1,-1,-1,-1,-1,-1,-1,-1,0,-1,0,0,0,-1,-1,-1,-1,-1,-1,0,0,0,-1,0,-1,-1,0,0,-1,-1,-1,-1,-1,0,-1,-1,-1,0,-1,0,0,-1,-1,-1,-1,-1,-1,0,-1,-1,-1,0,-1,0,0,-1,-1,-1,-1,-1,-1,-1,0,-1,0,0,-1,-1,-1,-1,-1,0,0,-1,-1,-1,0,0,-1,-1,0,-1,-1,0,-1,-1,0,-1,0,-1,-1,-1,-1,-1,-1,-1,-1,-1,-1,-1,-1,-1,-1,-1,-1,-1,-1,-1
"外曾祖母-外曾孙",0,0,0,0,0,0,0,0,0,0,-1,0,-1,-1,-1,0,0,0,0,0,0,-1,-1,-1,0,-1,-1,-1,-1,-1,0,-1,0,-1,0,-1,0,0,0,-1,0,-1,-1,-1,0,0,0,0,0,-1,-1,-1,0,-1,0,-1,-1,-1,-1,-1,-1,0,0,-1,-1,-1,-1,-1,-1,-1,0,0,0,-1,-1,-1,-1,0,-1,-1,0,0,-1,0,0,-1,-1,-1,-1,-1,-1,-1,-1,-1,-1,0,-1,-1,-1,0,-1,-1,0,-1,-1,-1,0,0,-1,-1
"祖先-后代",-1,-1,-1,-1,-1,-1,-1,-1,-1,-1,0,-1,0,0,0,-1,-1,-1,-1,-1,-1,0,0,0,-1,0,-1,-1,0,0,-1,-1,-1,-1,-1,0,-1,-1,-1,0,-1,0,0,-1,-1,-1,-1,-1,-1,0,-1,-1,-1,0,-1,0,0,-1,-1,-1,-1,-1,-1,-1,0,-1,0,0,-1,-1,-1,-1,-1,0,0,-1,-1,-1,0,0,-1,-1,0,-1,-1,0,-1,-1,0,-1,0,-1,-1,-1,-1,-1,-1,-1,-1,-1,-1,-1,-1,-1,-1,-1,-1,-1,-1,-1
"伯父-侄子",-1,-1,-1,-1,-1,-1,-1,-1,-1,-1,-1,-1,-1,-1,-1,-1,-1,-1,-1,-1,-1,-1,-1,-1,-1,-1,0,0,-1,-1,-1,0,-1,0,-1,-1,-1,-1,-1,-1,-1,-1,-1,0,-1,-1,-1,-1,-1,-1,0,0,-1,-1,-1,-1,-1,0,0,0,0,-1,-1,0,-1,0,-1,-1,0,0,-1,-1,-1,-1,-1,0,0,-1,-1,-1,-1,-1,-1,-1,-1,-1,0,0,-1,0,-1,0,0,0,0,-1,0,0,0,-1,0,0,-1,0,0,0,-1,-1,0,0
"伯母-侄子",-1,-1,-1,-1,-1,-1,-1,-1,-1,-1,-1,-1,-1,-1,-1,-1,-1,-1,-1,-1,-1,-1,-1,-1,-1,-1,0,0,-1,-1,-1,0,-1,0,-1,-1,-1,-1,-1,-1,-1,-1,-1,0,-1,-1,-1,-1,-1,-1,0,0,-1,-1,-1,-1,-1,0,0,0,0,-1,-1,0,-1,0,-1,-1,0,0,-1,-1,-1,-1,-1,0,0,-1,-1,-1,-1,-1,-1,-1,-1,-1,0,0,-1,0,-1,0,0,0,0,-1,0,0,0,-1,0,0,-1,0,0,0,-1,-1,0,0
"伯母-侄女",-1,-1,-1,-1,-1,-1,-1,-1,-1,-1,0,-1,0,0,0,-1,-1,-1,-1,-1,-1,0,0,0,-1,0,-1,-1,0,0,-1,-1,-1,-1,-1,0,-1,-1,-1,0,-1,0,0,-1,-1,-1,-1,-1,-1,0,-1,-1,-1,0,-1,0,0,-1,-1,-1,-1,-1,-1,-1,0,-1,0,0,-1,-1,-1,-1,-1,0,0,-1,-1,-1,0,0,-1,-1,0,-1,-1,0,-1,-1,0,-1,0,-1,-1,-1,-1,-1,-1,-1,-1,-1,-1,-1,-1,-1,-1,-1,-1,-1,-1,-1
"叔父-侄子",-1,-1,-1,-1,-1,-1,-1,-1,-1,-1,0,-1,0,0,0,-1,-1,-1,-1,-1,-1,0,0,0,-1,0,-1,-1,0,0,-1,-1,-1,-1,-1,0,-1,-1,-1,0,-1,0,0,-1,-1,-1,-1,-1,-1,0,-1,-1,-1,0,-1,0,0,-1,-1,-1,-1,-1,-1,-1,0,-1,0,0,-1,-1,-1,-1,-1,0,0,-1,-1,-1,0,0,-1,-1,0,-1,-1,0,-1,-1,0,-1,0,-1,-1,-1,-1,-1,-1,-1,-1,-1,-1,-1,-1,-1,-1,-1,-1,-1,-1,-1
"叔父-侄女",0,0,0,0,0,0,0,0,0,0,-1,0,-1,-1,-1,0,0,0,0,0,0,-1,-1,-1,0,-1,-1,-1,-1,-1,0,-1,0,-1,0,-1,0,0,0,-1,0,-1,-1,-1,0,0,0,0,0,-1,-1,-1,0,-1,0,-1,-1,-1,-1,-1,-1,0,0,-1,-1,-1,-1,-1,-1,-1,0,0,0,-1,-1,-1,-1,0,-1,-1,0,0,-1,0,0,-1,-1,-1,-1,-1,-1,-1,-1,-1,-1,0,-1,-1,-1,0,-1,-1,0,-1,-1,-1,0,0,-1,-1
"叔母-侄子",-1,-1,-1,-1,-1,-1,-1,-1,-1,-1,-1,-1,-1,-1,-1,-1,-1,-1,-1,-1,-1,-1,-1,-1,-1,-1,0,0,-1,-1,-1,0,-1,0,-1,-1,-1,-1,-1,-1,-1,-1,-1,0,-1,-1,-1,-1,-1,-1,0,0,-1,-1,-1,-1,-1,0,0,0,0,-1,-1,0,-1,0,-1,-1,0,0,-1,-1,-1,-1,-1,0,0,-1,-1,-1,-1,-1,-1,-1,-1,-1,0,0,-1,0,-1,0,0,0,0,-1,0,0,0,-1,0,0,-1,0,0,0,-1,-1,0,0
"叔母-侄女",0,0,0,0,0,0,0,0,0,0,-1,0,-1,-1,-1,0,0,0,0,0,0,-1,-1,-1,0,-1,-1,-1,-1,-1,0,-1,0,-1,0,-1,0,0,0,-1,0,-1,-1,-1,0,0,0,0,0,-1,-1,-1,0,-1,0,-1,-1,-1,-1,-1,-1,0,0,-1,-1,-1,-1,-1,-1,-1,0,0,0,-1,-1,-1,-1,0,-1,-1,0,0,-1,0,0,-1,-1,-1,-1,-1,-1,-1,-1,-1,-1,0,-1,-1,-1,0,-1,-1,0,-1,-1,-1,0,0,-1,-1
"姑父-侄子",-1,-1,-1,-1,-1,-1,-1,-1,-1,-1,-1,-1,-1,-1,-1,-1,-1,-1,-1,-1,-1,-1,-1,-1,-1,-1,0,0,-1,-1,-1,0,-1,0,-1,-1,-1,-1,-1,-1,-1,-1,-1,0,-1,-1,-1,-1,-1,-1,0,0,-1,-1,-1,-1,-1,0,0,0,0,-1,-1,0,-1,0,-1,-1,0,0,-1,-1,-1,-1,-1,0,0,-1,-1,-1,-1,-1,-1,-1,-1,-1,0,0,-1,0,-1,0,0,0,0,-1,0,0,0,-1,0,0,-1,0,0,0,-1,-1,0,0
"姑母-侄子",0,0,0,0,0,0,0,0,0,0,-1,0,-1,-1,-1,0,0,0,0,0,0,-1,-1,-1,0,-1,-1,-1,-1,-1,0,-1,0,-1,0,-1,0,0,0,-1,0,-1,-1,-1,0,0,0,0,0,-1,-1,-1,0,-1,0,-1,-1,-1,-1,-1,-1,0,0,-1,-1,-1,-1,-1,-1,-1,0,0,0,-1,-1,-1,-1,0,-1,-1,0,0,-1,0,0,-1,-1,-1,-1,-1,-1,-1,-1,-1,-1,0,-1,-1,-1,0,-1,-1,0,-1,-1,-1,0,0,-1,-1
"姑母-侄女",-1,-1,-1,-1,-1,-1,-1,-1,-1,-1,0,-1,0,0,0,-1,-1,-1,-1,-1,-1,0,0,0,-1,0,-1,-1,0,0,-1,-1,-1,-1,-1,0,-1,-1,-1,0,-1,0,0,-1,-1,-1,-1,-1,-1,0,-1,-1,-1,0,-1,0,0,-1,-1,-1,-1,-1,-1,-1,0,-1,0,0,-1,-1,-1,-1,-1,0,0,-1,-1,-1,0,0,-1,-1,0,-1,-1,0,-1,-1,0,-1,0,-1,-1,-1,-1,-1,-1,-1,-1,-1,-1,-1,-1,-1,-1,-1,-1,-1,-1,-1
"舅父-外甥",0,0,0,0,0,0,0,0,0,0,-1,0,-1,-1,-1,0,0,0,0,0,0,-1,-1,-1,0,-1,-1,-1,-1,-1,0,-1,0,-1,0,-1,0,0,0,-1,0,-1,-1,-1,0,0,0,0,0,-1,-1,-1,0,-1,0,-1,-1,-1,-1,-1,-1,0,0,-1,-1,-1,-1,-1,-1,-1,0,0,0,-1,-1,-1,-1,0,-1,-1,0,0,-1,0,0,-1,-1,-1,-1,-1,-1,-1,-1,-1,-1,0,-1,-1,-1,0,-1,-1,0,-1,-1,-1,0,0,-1,-1
"舅父-外甥女",0,0,0,0,0,0,0,0,0,0,-1,0,-1,-1,-1,0,0,0,0,0,0,-1,-1,-1,0,-1,-1,-1,-1,-1,0,-1,0,-1,0,-1,0,0,0,-1,0,-1,-1,-1,0,0,0,0,0,-1,-1,-1,0,-1,0,-1,-1,-1,-1,-1,-1,0,0,-1,-1,-1,-1,-1,-1,-1,0,0,0,-1,-1,-1,-1,0,-1,-1,0,0,-1,0,0,-1,-1,-1,-1,-1,-1,-1,-1,-1,-1,0,-1,-1,-1,0,-1,-1,0,-1,-1,-1,0,0,-1,-1
"舅母-外甥",0,0,0,0,0,0,0,0,0,0,-1,0,-1,-1,-1,0,0,0,0,0,0,-1,-1,-1,0,-1,-1,-1,-1,-1,0,-1,0,-1,0,-1,0,0,0,-1,0,-1,-1,-1,0,0,0,0,0,-1,-1,-1,0,-1,0,-1,-1,-1,-1,-1,-1,0,0,-1,-1,-1,-1,-1,-1,-1,0,0,0,-1,-1,-1,-1,0,-1,-1,0,0,-1,0,0,-1,-1,-1,-1,-1,-1,-1,-1,-1,-1,0,-1,-1,-1,0,-1,-1,0,-1,-1,-1,0,0,-1,-1
"舅母-外甥女",-1,-1,-1,-1,-1,-1,-1,-1,-1,-1,0,-1,0,0,0,-1,-1,-1,-1,-1,-1,0,0,0,-1,0,-1,-1,0,0,-1,-1,-1,-1,-1,0,-1,-1,-1,0,-1,0,0,-1,-1,-1,-1,-1,-1,0,-1,-1,-1,0,-1,0,0,-1,-1,-1,-1,-1,-1,-1,0,-1,0,0,-1,-1,-1,-1,-1,0,0,-1,-1,-1,0,0,-1,-1,0,-1,-1,0,-1,-1,0,-1,0,-1,-1,-1,-1,-1,-1,-1,-1,-1,-1,-1,-1,-1,-1,-1,-1,-1,-1,-1
"姨父-外甥",0,0,0,0,0,0,0,0,0,0,-1,0,-1,-1,-1,0,0,0,0,0,0,-1,-1,-1,0,-1,-1,-1,-1,-1,0,-1,0,-1,0,-1,0,0,0,-1,0,-1,-1,-1,0,0,0,0,0,-1,-1,-1,0,-1,0,-1,-1,-1,-1,-1,-1,0,0,-1,-1,-1,-1,-1,-1,-1,0,0,0,-1,-1,-1,-1,0,-1,-1,0,0,-1,0,0,-1,-1,-1,-1,-1,-1,-1,-1,-1,-1,0,-1,-1,-1,0,-1,-1,0,-1,-1,-1,0,0,-1,-1
"姨母-外甥",-1,-1,-1,-1,-1,-1,-1,-1,-1,-1,0,-1,0,0,0,-1,-1,-1,-1,-1,-1,0,0,0,-1,0,-1,-1,0,0,-1,-1,-1,-1,-1,0,-1,-1,-1,0,-1,0,0,-1,-1,-1,-1,-1,-1,0,-1,-1,-1,0,-1,0,0,-1,-1,-1,-1,-1,-1,-1,0,-1,0,0,-1,-1,-1,-1,-1,0,0,-1,-1,-1,0,0,-1,-1,0,-1,-1,0,-1,-1,0,-1,0,-1,-1,-1,-1,-1,-1,-1,-1,-1,-1,-1,-1,-1,-1,-1,-1,-1,-1,-1
"姨母-外甥女",-1,-1,-1,-1,-1,-1,-1,-1,-1,-1,0,-1,0,0,0,-1,-1,-1,-1,-1,-1,0,0,0,-1,0,-1,-1,0,0,-1,-1,-1,-1,-1,0,-1,-1,-1,0,-1,0,0,-1,-1,-1,-1,-1,-1,0,-1,-1,-1,0,-1,0,0,-1,-1,-1,-1,-1,-1,-1,0,-1,0,0,-1,-1,-1,-1,-1,0,0,-1,-1,-1,0,0,-1,-1,0,-1,-1,0,-1,-1,0,-1,0,-1,-1,-1,-1,-1,-1,-1,-1,-1,-1,-1,-1,-1,-1,-1,-1,-1,-1,-1
"堂兄-堂弟",-1,-1,-1,-1,-1,-1,-1,-1,-1,-1,-1,-1,-1,-1,-1,-1,-1,-1,-1,-1,-1,-1,-1,-1,-1,-1,0,0,-1,-1,-1,0,-1,0,-1,-1,-1,-1,-1,-1,-1,-1,-1,0,-1,-1,-1,-1,-1,-1,0,0,-1,-1,-1,-1,-1,0,0,0,0,-1,-1,0,-1,0,-1,-1,0,0,-1,-1,-1,-1,-1,0,0,-1,-1,-1,-1,-1,-1,-1,-1,-1,0,0,-1,0,-1,0,0,0,0,-1,0,0,0,-1,0,0,-1,0,0,0,-1,-1,0,0
"堂兄-堂妹",0,0,0,0,0,0,0,0,0,0,-1,0,-1,-1,-1,0,0,0,0,0,0,-1,-1,-1,0,-1,-1,-1,-1,-1,0,-1,0,-1,0,-1,0,0,0,-1,0,-1,-1,-1,0,0,0,0,0,-1,-1,-1,0,-1,0,-1,-1,-1,-1,-1,-1,0,0,-1,-1,-1,-1,-1,-1,-1,0,0,0,-1,-1,-1,-1,0,-1,-1,0,0,-1,0,0,-1,-1,-1,-1,-1,-1,-1,-1,-1,-1,0,-1,-1,-1,0,-1,-1,0,-1,-1,-1,0,0,-1,-1
"堂姐-堂弟",0,0,0,0,0,0,0,0,0,0,-1,0,-1,-1,-1,0,0,0,0,0,0,-1,-1,-1,0,-1,-1,-1,-1,-1,0,-1,0,-1,0,-1,0,0,0,-1,0,-1,-1,-1,0,0,0,0,0,-1,-1,-1,0,-1,0,-1,-1,-1,-1,-1,-1,0,0,-1,-1,-1,-1,-1,-1,-1,0,0,0,-1,-1,-1,-1,0,-1,-1,0,0,-1,0,0,-1,-1,-1,-1,-1,-1,-1,-1,-1,-1,0,-1,-1,-1,0,-1,-1,0,-1,-1,-1,0,0,-1,-1
"堂姐-堂妹",0,0,0,0,0,0,0,0,0,0,-1,0,-1,-1,-1,0,0,0,0,0,0,-1,-1,-1,0,-1,-1,-1,-1,-1,0,-1,0,-1,0,-1,0,0,0,-1,0,-1,-1,-1,0,0,0,0,0,-1,-1,-1,0,-1,0,-1,-1,-1,-1,-1,-1,0,0,-1,-1,-1,-1,-1,-1,-1,0,0,0,-1,-1,-1,-1,0,-1,-1,0,0,-1,0,0,-1,-1,-1,-1,-1,-1,-1,-1,-1,-1,0,-1,-1,-1,0,-1,-1,0,-1,-1,-1,0,0,-1,-1
"表兄-表弟",0,0,0,0,0,0,0,0,0,0,-1,0,-1,-1,-1,0,0,0,0,0,0,-1,-1,-1,0,-1,-1,-1,-1,-1,0,-1,0,-1,0,-1,0,0,0,-1,0,-1,-1,-1,0,0,0,0,0,-1,-1,-1,0,-1,0,-1,-1,-1,-1,-1,-1,0,0,-1,-1,-1,-1,-1,-1,-1,0,0,0,-1,-1,-1,-1,0,-1,-1,0,0,-1,0,0,-1,-1,-1,-1,-1,-1,-1,-1,-1,-1,0,-1,-1,-1,0,-1,-1,0,-1,-1,-1,0,0,-1,-1
"表姐-表弟",0,0,0,0,0,0,0,0,0,0,-1,0,-1,-1,-1,0,0,0,0,0,0,-1,-1,-1,0,-1,-1,-1,-1,-1,0,-1,0,-1,0,-1,0,0,0,-1,0,-1,-1,-1,0,0,0,0,0,-1,-1,-1,0,-1,0,-1,-1,-1,-1,-1,-1,0,0,-1,-1,-1,-1,-1,-1,-1,0,0,0,-1,-1,-1,-1,0,-1,-1,0,0,-1,0,0,-1,-1,-1,-1,-1,-1,-1,-1,-1,-1,0,-1,-1,-1,0,-1,-1,0,-1,-1,-1,0,0,-1,-1
"表姐-表妹",-1,-1,-1,-1,-1,-1,-1,-1,-1,-1,0,-1,0,0,0,-1,-1,-1,-1,-1,-1,0,0,0,-1,0,-1,-1,0,0,-1,-1,-1,-1,-1,0,-1,-1,-1,0,-1,0,0,-1,-1,-1,-1,-1,-1,0,-1,-1,-1,0,-1,0,0,-1,-1,-1,-1,-1,-1,-1,0,-1,0,0,-1,-1,-1,-1,-1,0,0,-1,-1,-1,0,0,-1,-1,0,-1,-1,0,-1,-1,0,-1,0,-1,-1,-1,-1,-1,-1,-1,-1,-1,-1,-1,-1,-1,-1,-1,-1,-1,-1,-1
"姑表兄-姑表弟",-1,-1,-1,-1,-1,-1,-1,-1,-1,-1,-1,-1,-1,-1,-1,-1,-1,-1,-1,-1,-1,-1,-1,-1,-1,-1,0,0,-1,-1,-1,0,-1,0,-1,-1,-1,-1,-1,-1,-1,-1,-1,0,-1,-1,-1,-1,-1,-1,0,0,-1,-1,-1,-1,-1,0,0,0,0,-1,-1,0,-1,0,-1,-1,0,0,-1,-1,-1,-1,-1,0,0,-1,-1,-1,-1,-1,-1,-1,-1,-1,0,0,-1,0,-1,0,0,0,0,-1,0,0,0,-1,0,0,-1,0,0,0,-1,-1,0,0
"姑表兄-姑表妹",-1,-1,-1,-1,-1,-1,-1,-1,-1,-1,-1,-1,-1,-1,-1,-1,-1,-1,-1,-1,-1,-1,-1,-1,-1,-1,0,0,-1,-1,-1,0,-1,0,-1,-1,-1,-1,-1,-1,-1,-1,-1,0,-1,-1,-1,-1,-1,-1,0,0,-1,-1,-1,-1,-1,0,0,0,0,-1,-1,0,-1,0,-1,-1,0,0,-1,-1,-1,-1,-1,0,0,-1,-1,-1,-1,-1,-1,-1,-1,-1,0,0,-1,0,-1,0,0,0,0,-1,0,0,0,-1,0,0,-1,0,0,0,-1,-1,0,0
"姑表姐-姑表弟",0,0,0,0,0,0,0,0,0,0,-1,0,-1,-1,-1,0,0,0,0,0,0,-1,-1,-1,0,-1,-1,-1,-1,-1,0,-1,0,-1,0,-1,0,0,0,-1,0,-1,-1,-1,0,0,0,0,0,-1,-1,-1,0,-1,0,-1,-1,-1,-1,-1,-1,0,0,-1,-1,-1,-1,-1,-1,-1,0,0,0,-1,-1,-1,-1,0,-1,-1,0,0,-1,0,0,-1,-1,-1,-1,-1,-1,-1,-1,-1,-1,0,-1,-1,-1,0,-1,-1,0,-1,-1,-1,0,0,-1,-1
"姑表姐-姑表妹",-1,-1,-1,-1,-1,-1,-1,-1,-1,-1,0,-1,0,0,0,-1,-1,-1,-1,-1,-1,0,0,0,-1,0,-1,-1,0,0,-1,-1,-1,-1,-1,0,-1,-1,-1,0,-1,0,0,-1,-1,-1,-1,-1,-1,0,-1,-1,-1,0,-1,0,0,-1,-1,-1,-1,-1,-1,-1,0,-1,0,0,-1,-1,-1,-1,-1,0,0,-1,-1,-1,0,0,-1,-1,0,-1,-1,0,-1,-1,0,-1,0,-1,-1,-1,-1,-1,-1,-1,-1,-1,-1,-1,-1,-1,-1,-1,-1,-1,-1,-1
"舅表兄-舅表弟",0,0,0,0,0,0,0,0,0,0,-1,0,-1,-1,-1,0,0,0,0,0,0,-1,-1,-1,0,-1,-1,-1,-1,-1,0,-1,0,-1,0,-1,0,0,0,-1,0,-1,-1,-1,0,0,0,0,0,-1,-1,-1,0,-1,0,-1,-1,-1,-1,-1,-1,0,0,-1,-1,-1,-1,-1,-1,-1,0,0,0,-1,-1,-1,-1,0,-1,-1,0,0,-1,0,0,-1,-1,-1,-1,-1,-1,-1,-1,-1,-1,0,-1,-1,-1,0,-1,-1,0,-1,-1,-1,0,0,-1,-1
"舅表姐-舅表弟",-1,-1,-1,-1,-1,-1,-1,-1,-1,-1,0,-1,0,0,0,-1,-1,-1,-1,-1,-1,0,0,0,-1,0,-1,-1,0,0,-1,-1,-1,-1,-1,0,-1,-1,-1,0,-1,0,0,-1,-1,-1,-1,-1,-1,0,-1,-1,-1,0,-1,0,0,-1,-1,-1,-1,-1,-1,-1,0,-1,0,0,-1,-1,-1,-1,-1,0,0,-1,-1,-1,0,0,-1,-1,0,-1,-1,0,-1,-1,0,-1,0,-1,-1,-1,-1,-1,-1,-1,-1,-1,-1,-1,-1,-1,-1,-1,-1,-1,-1,-1
"舅表姐-舅表妹",-1,-1,-1,-1,-1,-1,-1,-1,-1,-1,0,-1,0,0,0,-1,-1,-1,-1,-1,-1,0,0,0,-1,0,-1,-1,0,0,-1,-1,-1,-1,-1,0,-1,-1,-1,0,-1,0,0,-1,-1,-1,-1,-1,-1,0,-1,-1,-1,0,-1,0,0,-1,-1,-1,-1,-1,-1,-1,0,-1,0,0,-1,-1,-1,-1,-1,0,0,-1,-1,-1,0,0,-1,-1,0,-1,-1,0,-1,-1,0,-1,0,-1,-1,-1,-1,-1,-1,-1,-1,-1,-1,-1,-1,-1,-1,-1,-1,-1,-1,-1
"岳父-女婿",-1,-1,-1,-1,-1,-1,-1,-1,-1,-1,-1,-1,-1,-1,-1,-1,-1,-1,-1,-1,-1,-1,-1,-1,-1,-1,0,0,-1,-1,-1,0,-1,0,-1,-1,-1,-1,-1,-1,-1,-1,-1,0,-1,-1,-1,-1,-1,-1,0,0,-1,-1,-1,-1,-1,0,0,0,0,-1,-1,0,-1,0,-1,-1,0,0,-1,-1,-1,-1,-1,0,0,-1,-1,-1,-1,-1,-1,-1,-1,-1,0,0,-1,0,-1,0,0,0,0,-1,0,0,0,-1,0,0,-1,0,0,0,-1,-1,0,0
"岳母-女婿",-1,-1,-1,-1,-1,-1,-1,-1,-1,-1,-1,-1,-1,-1,-1,-1,-1,-1,-1,-1,-1,-1,-1,-1,-1,-1,0,0,-1,-1,-1,0,-1,0,-1,-1,-1,-1,-1,-1,-1,-1,-1,0,-1,-1,-1,-1,-1,-1,0,0,-1,-1,-1,-1,-1,0,0,0,0,-1,-1,0,-1,0,-1,-1,0,0,-1,-1,-1,-1,-1,0,0,-1,-1,-1,-1,-1,-1,-1,-1,-1,0,0,-1,0,-1,0,0,0,0,-1,0,0,0,-1,0,0,-1,0,0,0,-1,-1,0,0
"公公-儿媳",-1,-1,-1,-1,-1,-1,-1,-1,-1,-1,-1,-1,-1,-1,-1,-1,-1,-1,-1,-1,-1,-1,-1,-1,-1,-1,0,0,-1,-1,-1,0,-1,0,-1,-1,-1,-1,-1,-1,-1,-1,-1,0,-1,-1,-1,-1,-1,-1,0,0,-1,-1,-1,-1,-1,0,0,0,0,-1,-1,0,-1,0,-1,-1,0,0,-1,-1,-1,-1,-1,0,0,-1,-1,-1,-1,-1,-1,-1,-1,-1,0,0,-1,0,-1,0,0,0,0,-1,0,0,0,-1,0,0,-1,0,0,0,-1,-1,0,0
"婆婆-儿媳",-1,-1,-1,-1,-1,-1,-1,-1,-1,-1,-1,-1,-1,-1,-1,-1,-1,-1,-1,-1,-1,-1,-1,-1,-1,-1,0,0,-1,-1,-1,0,-1,0,-1,-1,-1,-1,-1,-1,-1,-1,-1,0,-1,-1,-1,-1,-1,-1,0,0,-1,-1,-1,-1,-1,0,0,0,0,-1,-1,0,-1,0,-1,-1,0,0,-1,-1,-1,-1,-1,0,0,-1,-1,-1,-1,-1,-1,-1,-1,-1,0,0,-1,0,-1,0,0,0,0,-1,0,0,0,-1,0,0,-1,0,0,0,-1,-1,0,0
"舅父-甥女婿",0,0,0,0,0,0,0,0,0,0,-1,0,-1,-1,-1,0,0,0,0,0,0,-1,-1,-1,0,-1,-1,-1,-1,-1,0,-1,0,-1,0,-1,0,0,0,-1,0,-1,-1,-1,0,0,0,0,0,-1,-1,-1,0,-1,0,-1,-1,-1,-1,-1,-1,0,0,-1,-1,-1,-1,-1,-1,-1,0,0,0,-1,-1,-1,-1,0,-1,-1,0,0,-1,0,0,-1,-1,-1,-1,-1,-1,-1,-1,-1,-1,0,-1,-1,-1,0,-1,-1,0,-1,-1,-1,0,0,-1,-1
"伯父-侄媳",0,0,0,0,0,0,0,0,0,0,-1,0,-1,-1,-1,0,0,0,0,0,0,-1,-1,-1,0,-1,-1,-1,-1,-1,0,-1,0,-1,0,-1,0,0,0,-1,0,-1,-1,-1,0,0,0,0,0,-1,-1,-1,0,-1,0,-1,-1,-1,-1,-1,-1,0,0,-1,-1,-1,-1,-1,-1,-1,0,0,0,-1,-1,-1,-1,0,-1,-1,0,0,-1,0,0,-1,-1,-1,-1,-1,-1,-1,-1,-1,-1,0,-1,-1,-1,0,-1,-1,0,-1,-1,-1,0,0,-1,-1
"伯父-侄女婿",-1,-1,-1,-1,-1,-1,-1,-1,-1,-1,-1,-1,-1,-1,-1,-1,-1,-1,-1,-1,-1,-1,-1,-1,-1,-1,0,0,-1,-1,-1,0,-1,0,-1,-1,-1,-1,-1,-1,-1,-1,-1,0,-1,-1,-1,-1,-1,-1,0,0,-1,-1,-1,-1,-1,0,0,0,0,-1,-1,0,-1,0,-1,-1,0,0,-1,-1,-1,-1,-1,0,0,-1,-1,-1,-1,-1,-1,-1,-1,-1,0,0,-1,0,-1,0,0,0,0,-1,0,0,0,-1,0,0,-1,0,0,0,-1,-1,0,0
"姐夫-妻弟",-1,-1,-1,-1,-1,-1,-1,-1,-1,-1,0,-1,0,0,0,-1,-1,-1,-1,-1,-1,0,0,0,-1,0,-1,-1,0,0,-1,-1,-1,-1,-1,0,-1,-1,-1,0,-1,0,0,-1,-1,-1,-1,-1,-1,0,-1,-1,-1,0,-1,0,0,-1,-1,-1,-1,-1,-1,-1,0,-1,0,0,-1,-1,-1,-1,-1,0,0,-1,-1,-1,0,0,-1,-1,0,-1,-1,0,-1,-1,0,-1,0,-1,-1,-1,-1,-1,-1,-1,-1,-1,-1,-1,-1,-1,-1,-1,-1,-1,-1,-1
"妹夫-妻姐",-1,-1,-1,-1,-1,-1,-1,-1,-1,-1,-1,-1,-1,-1,-1,-1,-1,-1,-1,-1,-1,-1,-1,-1,-1,-1,0,0,-1,-1,-1,0,-1,0,-1,-1,-1,-1,-1,-1,-1,-1,-1,0,-1,-1,-1,-1,-1,-1,0,0,-1,-1,-1,-1,-1,0,0,0,0,-1,-1,0,-1,0,-1,-1,0,0,-1,-1,-1,-1,-1,0,0,-1,-1,-1,-1,-1,-1,-1,-1,-1,0,0,-1,0,-1,0,0,0,0,-1,0,0,0,-1,0,0,-1,0,0,0,-1,-1,0,0
"叔-嫂",-1,-1,-1,-1,-1,-1,-1,-1,-1,-1,0,-1,0,0,0,-1,-1,-1,-1,-1,-1,0,0,0,-1,0,-1,-1,0,0,-1,-1,-1,-1,-1,0,-1,-1,-1,0,-1,0,0,-1,-1,-1,-1,-1,-1,0,-1,-1,-1,0,-1,0,0,-1,-1,-1,-1,-1,-1,-1,0,-1,0,0,-1,-1,-1,-1,-1,0,0,-1,-1,-1,0,0,-1,-1,0,-1,-1,0,-1,-1,0,-1,0,-1,-1,-1,-1,-1,-1,-1,-1,-1,-1,-1,-1,-1,-1,-1,-1,-1,-1,-1
"姑-嫂",-1,-1,-1,-1,-1,-1,-1,-1,-1,-1,0,-1,0,0,0,-1,-1,-1,-1,-1,-1,0,0,0,-1,0,-1,-1,0,0,-1,-1,-1,-1,-1,0,-1,-1,-1,0,-1,0,0,-1,-1,-1,-1,-1,-1,0,-1,-1,-1,0,-1,0,0,-1,-1,-1,-1,-1,-1,-1,0,-1,0,0,-1,-1,-1,-1,-1,0,0,-1,-1,-1,0,0,-1,-1,0,-1,-1,0,-1,-1,0,-1,0,-1,-1,-1,-1,-1,-1,-1,-1,-1,-1,-1,-1,-1,-1,-1,-1,-1,-1,-1
"弟媳-伯",-1,-1,-1,-1,-1,-1,-1,-1,-1,-1,-1,-1,-1,-1,-1,-1,-1,-1,-1,-1,-1,-1,-1,-1,-1,-1,0,0,-1,-1,-1,0,-1,0,-1,-1,-1,-1,-1,-1,-1,-1,-1,0,-1,-1,-1,-1,-1,-1,0,0,-1,-1,-1,-1,-1,0,0,0,0,-1,-1,0,-1,0,-1,-1,0,0,-1,-1,-1,-1,-1,0,0,-1,-1,-1,-1,-1,-1,-1,-1,-1,0,0,-1,0,-1,0,0,0,0,-1,0,0,0,-1,0,0,-1,0,0,0,-1,-1,0,0
"姐夫-妹夫",-1,-1,-1,-1,-1,-1,-1,-1,-1,-1,-1,-1,-1,-1,-1,-1,-1,-1,-1,-1,-1,-1,-1,-1,-1,-1,0,0,-1,-1,-1,0,-1,0,-1,-1,-1,-1,-1,-1,-1,-1,-1,0,-1,-1,-1,-1,-1,-1,0,0,-1,-1,-1,-1,-1,0,0,0,0,-1,-1,0,-1,0,-1,-1,0,0,-1,-1,-1,-1,-1,0,0,-1,-1,-1,-1,-1,-1,-1,-1,-1,0,0,-1,0,-1,0,0,0,0,-1,0,0,0,-1,0,0,-1,0,0,0,-1,-1,0,0
"亲家-亲家",0,0,0,0,0,0,0,0,0,0,-1,0,-1,-1,-1,0,0,0,0,0,0,-1,-1,-1,0,-1,-1,-1,-1,-1,0,-1,0,-1,0,-1,0,0,0,-1,0,-1,-1,-1,0,0,0,0,0,-1,-1,-1,0,-1,0,-1,-1,-1,-1,-1,-1,0,0,-1,-1,-1,-1,-1,-1,-1,0,0,0,-1,-1,-1,-1,0,-1,-1,0,0,-1,0,0,-1,-1,-1,-1,-1,-1,-1,-1,-1,-1,0,-1,-1,-1,0,-1,-1,0,-1,-1,-1,0,0,-1,-1
"从祖父-从孙子",0,0,0,0,0,0,0,0,0,0,-1,0,-1,-1,-1,0,0,0,0,0,0,-1,-1,-1,0,-1,-1,-1,-1,-1,0,-1,0,-1,0,-1,0,0,0,-1,0,-1,-1,-1,0,0,0,0,0,-1,-1,-1,0,-1,0,-1,-1,-1,-1,-1,-1,0,0,-1,-1,-1,-1,-1,-1,-1,0,0,0,-1,-1,-1,-1,0,-1,-1,0,0,-1,0,0,-1,-1,-1,-1,-1,-1,-1,-1,-1,-1,0,-1,-1,-1,0,-1,-1,0,-1,-1,-1,0,0,-1,-1
"从祖父-从孙女",0,0,0,0,0,0,0,0,0,0,-1,0,-1,-1,-1,0,0,0,0,0,0,-1,-1,-1,0,-1,-1,-1,-1,-1,0,-1,0,-1,0,-1,0,0,0,-1,0,-1,-1,-1,0,0,0,0,0,-1,-1,-1,0,-1,0,-1,-1,-1,-1,-1,-1,0,0,-1,-1,-1,-1,-1,-1,-1,0,0,0,-1,-1,-1,-1,0,-1,-1,0,0,-1,0,0,-1,-1,-1,-1,-1,-1,-1,-1,-1,-1,0,-1,-1,-1,0,-1,-1,0,-1,-1,-1,0,0,-1,-1
"从祖母-从孙女",-1,-1,-1,-1,-1,-1,-1,-1,-1,-1,0,-1,0,0,0,-1,-1,-1,-1,-1,-1,0,0,0,-1,0,-1,-1,0,0,-1,-1,-1,-1,-1,0,-1,-1,-1,0,-1,0,0,-1,-1,-1,-1,-1,-1,0,-1,-1,-1,0,-1,0,0,-1,-1,-1,-1,-1,-1,-1,0,-1,0,0,-1,-1,-1,-1,-1,0,0,-1,-1,-1,0,0,-1,-1,0,-1,-1,0,-1,-1,0,-1,0,-1,-1,-1,-1,-1,-1,-1,-1,-1,-1,-1,-1,-1,-1,-1,-1,-1,-1,-1
"从祖姑-从侄孙",-1,-1,-1,-1,-1,-1,-1,-1,-1,-1,0,-1,0,0,0,-1,-1,-1,-1,-1,-1,0,0,0,-1,0,-1,-1,0,0,-1,-1,-1,-1,-1,0,-1,-1,-1,0,-1,0,0,-1,-1,-1,-1,-1,-1,0,-1,-1,-1,0,-1,0,0,-1,-1,-1,-1,-1,-1,-1,0,-1,0,0,-1,-1,-1,-1,-1,0,0,-1,-1,-1,0,0,-1,-1,0,-1,-1,0,-1,-1,0,-1,0,-1,-1,-1,-1,-1,-1,-1,-1,-1,-1,-1,-1,-1,-1,-1,-1,-1,-1,-1
"再从兄-再从弟",-1,-1,-1,-1,-1,-1,-1,-1,-1,-1,-1,-1,-1,-1,-1,-1,-1,-1,-1,-1,-1,-1,-1,-1,-1,-1,0,0,-1,-1,-1,0,-1,0,-1,-1,-1,-1,-1,-1,-1,-1,-1,0,-1,-1,-1,-1,-1,-1,0,0,-1,-1,-1,-1,-1,0,0,0,0,-1,-1,0,-1,0,-1,-1,0,0,-1,-1,-1,-1,-1,0,0,-1,-1,-1,-1,-1,-1,-1,-1,-1,0,0,-1,0,-1,0,0,0,0,-1,0,0,0,-1,0,0,-1,0,0,0,-1,-1,0,0
"三从兄-三从弟",-1,-1,-1,-1,-1,-1,-1,-1,-1,-1,-1,-1,-1,-1,-1,-1,-1,-1,-1,-1,-1,-1,-1,-1,-1,-1,0,0,-1,-1,-1,0,-1,0,-1,-1,-1,-1,-1,-1,-1,-1,-1,0,-1,-1,-1,-1,-1,-1,0,0,-1,-1,-1,-1,-1,0,0,0,0,-1,-1,0,-1,0,-1,-1,0,0,-1,-1,-1,-1,-1,0,0,-1,-1,-1,-1,-1,-1,-1,-1,-1,0,0,-1,0,-1,0,0,0,0,-1,0,0,0,-1,0,0,-1,0,0,0,-1,-1,0,0
"堂伯-堂侄",0,0,0,0,0,0,0,0,0,0,-1,0,-1,-1,-1,0,0,0,0,0,0,-1,-1,-1,0,-1,-1,-1,-1,-1,0,-1,0,-1,0,-1,0,0,0,-1,0,-1,-1,-1,0,0,0,0,0,-1,-1,-1,0,-1,0,-1,-1,-1,-1,-1,-1,0,0,-1,-1,-1,-1,-1,-1,-1,0,0,0,-1,-1,-1,-1,0,-1,-1,0,0,-1,0,0,-1,-1,-1,-1,-1,-1,-1,-1,-1,-1,0,-1,-1,-1,0,-1,-1,0,-1,-1,-1,0,0,-1,-1
"族伯叔-族侄",-1,-1,-1,-1,-1,-1,-1,-1,-1,-1,0,-1,0,0,0,-1,-1,-1,-1,-1,-1,0,0,0,-1,0,-1,-1,0,0,-1,-1,-1,-1,-1,0,-1,-1,-1,0,-1,0,0,-1,-1,-1,-1,-1,-1,0,-1,-1,-1,0,-1,0,0,-1,-1,-1,-1,-1,-1,-1,0,-1,0,0,-1,-1,-1,-1,-1,0,0,-1,-1,-1,0,0,-1,-1,0,-1,-1,0,-1,-1,0,-1,0,-1,-1,-1,-1,-1,-1,-1,-1,-1,-1,-1,-1,-1,-1,-1,-1,-1,-1,-1
"族姐-族妹",-1,-1,-1,-1,-1,-1,-1,-1,-1,-1,0,-1,0,0,0,-1,-1,-1,-1,-1,-1,0,0,0,-1,0,-1,-1,0,0,-1,-1,-1,-1,-1,0,-1,-1,-1,0,-1,0,0,-1,-1,-1,-1,-1,-1,0,-1,-1,-1,0,-1,0,0,-1,-1,-1,-1,-1,-1,-1,0,-1,0,0,-1,-1,-1,-1,-1,0,0,-1,-1,-1,0,0,-1,-1,0,-1,-1,0,-1,-1,0,-1,0,-1,-1,-1,-1,-1,-1,-1,-1,-1,-1,-1,-1,-1,-1,-1,-1,-1,-1,-1
"堂祖父-堂侄孙",0,0,0,0,0,0,0,0,0,0,-1,0,-1,-1,-1,0,0,0,0,0,0,-1,-1,-1,0,-1,-1,-1,-1,-1,0,-1,0,-1,0,-1,0,0,0,-1,0,-1,-1,-1,0,0,0,0,0,-1,-1,-1,0,-1,0,-1,-1,-1,-1,-1,-1,0,0,-1,-1,-1,-1,-1,-1,-1,0,0,0,-1,-1,-1,-1,0,-1,-1,0,0,-1,0,0,-1,-1,-1,-1,-1,-1,-1,-1,-1,-1,0,-1,-1,-1,0,-1,-1,0,-1,-1,-1,0,0,-1,-1
"堂祖母-堂侄孙",0,0,0,0,0,0,0,0,0,0,-1,0,-1,-1,-1,0,0,0,0,0,0,-1,-1,-1,0,-1,-1,-1,-1,-1,0,-1,0,-1,0,-1,0,0,0,-1,0,-1,-1,-1,0,0,0,0,0,-1,-1,-1,0,-1,0,-1,-1,-1,-1,-1,-1,0,0,-1,-1,-1,-1,-1,-1,-1,0,0,0,-1,-1,-1,-1,0,-1,-1,0,0,-1,0,0,-1,-1,-1,-1,-1,-1,-1,-1,-1,-1,0,-1,-1,-1,0,-1,-1,0,-1,-1,-1,0,0,-1,-1
"堂姐夫-堂内弟",-1,-1,-1,-1,-1,-1,-1,-1,-1,-1,0,-1,0,0,0,-1,-1,-1,-1,-1,-1,0,0,0,-1,0,-1,-1,0,0,-1,-1,-1,-1,-1,0,-1,-1,-1,0,-1,0,0,-1,-1,-1,-1,-1,-1,0,-1,-1,-1,0,-1,0,0,-1,-1,-1,-1,-1,-1,-1,0,-1,0,0,-1,-1,-1,-1,-1,0,0,-1,-1,-1,0,0,-1,-1,0,-1,-1,0,-1,-1,0,-1,0,-1,-1,-1,-1,-1,-1,-1,-1,-1,-1,-1,-1,-1,-1,-1,-1,-1,-1,-1
"表嫂-表小叔",0,0,0,0,0,0,0,0,0,0,-1,0,-1,-1,-1,0,0,0,0,0,0,-1,-1,-1,0,-1,-1,-1,-1,-1,0,-1,0,-1,0,-1,0,0,0,-1,0,-1,-1,-1,0,0,0,0,0,-1,-1,-1,0,-1,0,-1,-1,-1,-1,-1,-1,0,0,-1,-1,-1,-1,-1,-1,-1,0,0,0,-1,-1,-1,-1,0,-1,-1,0,0,-1,0,0,-1,-1,-1,-1,-1,-1,-1,-1,-1,-1,0,-1,-1,-1,0,-1,-1,0,-1,-1,-1,0,0,-1,-1
"舅公-甥孙",0,0,0,0,0,0,0,0,0,0,-1,0,-1,-1,-1,0,0,0,0,0,0,-1,-1,-1,0,-1,-1,-1,-1,-1,0,-1,0,-1,0,-1,0,0,0,-1,0,-1,-1,-1,0,0,0,0,0,-1,-1,-1,0,-1,0,-1,-1,-1,-1,-1,-1,0,0,-1,-1,-1,-1,-1,-1,-1,0,0,0,-1,-1,-1,-1,0,-1,-1,0,0,-1,0,0,-1,-1,-1,-1,-1,-1,-1,-1,-1,-1,0,-1,-1,-1,0,-1,-1,0,-1,-1,-1,0,0,-1,-1
"继祖父-继孙子",-1,-1,-1,-1,-1,-1,-1,-1,-1,-1,0,-1,0,0,0,-1,-1,-1,-1,-1,-1,0,0,0,-1,0,-1,-1,0,0,-1,-1,-1,-1,-1,0,-1,-1,-1,0,-1,0,0,-1,-1,-1,-1,-1,-1,0,-1,-1,-1,0,-1,0,0,-1,-1,-1,-1,-1,-1,-1,0,-1,0,0,-1,-1,-1,-1,-1,0,0,-1,-1,-1,0,0,-1,-1,0,-1,-1,0,-1,-1,0,-1,0,-1,-1,-1,-1,-1,-1,-1,-1,-1,-1,-1,-1,-1,-1,-1,-1,-1,-1,-1
"继祖父-继孙女",-1,-1,-1,-1,-1,-1,-1,-1,-1,-1,-1,-1,-1,-1,-1,-1,-1,-1,-1,-1,-1,-1,-1,-1,-1,-1,0,0,-1,-1,-1,0,-1,0,-1,-1,-1,-1,-1,-1,-1,-1,-1,0,-1,-1,-1,-1,-1,-1,0,0,-1,-1,-1,-1,-1,0,0,0,0,-1,-1,0,-1,0,-1,-1,0,0,-1,-1,-1,-1,-1,0,0,-1,-1,-1,-1,-1,-1,-1,-1,-1,0,0,-1,0,-1,0,0,0,0,-1,0,0,0,-1,0,0,-1,0,0,0,-1,-1,0,0
"继祖母-继孙子",-1,-1,-1,-1,-1,-1,-1,-1,-1,-1,-1,-1,-1,-1,-1,-1,-1,-1,-1,-1,-1,-1,-1,-1,-1,-1,0,0,-1,-1,-1,0,-1,0,-1,-1,-1,-1,-1,-1,-1,-1,-1,0,-1,-1,-1,-1,-1,-1,0,0,-1,-1,-1,-1,-1,0,0,0,0,-1,-1,0,-1,0,-1,-1,0,0,-1,-1,-1,-1,-1,0,0,-1,-1,-1,-1,-1,-1,-1,-1,-1,0,0,-1,0,-1,0,0,0,0,-1,0,0,0,-1,0,0,-1,0,0,0,-1,-1,0,0
"继祖母-继孙女",-1,-1,-1,-1,-1,-1,-1,-1,-1,-1,0,-1,0,0,0,-1,-1,-1,-1,-1,-1,0,0,0,-1,0,-1,-1,0,0,-1,-1,-1,-1,-1,0,-1,-1,-1,0,-1,0,0,-1,-1,-1,-1,-1,-1,0,-1,-1,-1,0,-1,0,0,-1,-1,-1,-1,-1,-1,-1,0,-1,0,0,-1,-1,-1,-1,-1,0,0,-1,-1,-1,0,0,-1,-1,0,-1,-1,0,-1,-1,0,-1,0,-1,-1,-1,-1,-1,-1,-1,-1,-1,-1,-1,-1,-1,-1,-1,-1,-1,-1,-1
"继外祖父-继外孙子",-1,-1,-1,-1,-1,-1,-1,-1,-1,-1,-1,-1,-1,-1,-1,-1,-1,-1,-1,-1,-1,-1,-1,-1,-1,-1,0,0,-1,-1,-1,0,-1,0,-1,-1,-1,-1,-1,-1,-1,-1,-1,0,-1,-1,-1,-1,-1,-1,0,0,-1,-1,-1,-1,-1,0,0,0,0,-1,-1,0,-1,0,-1,-1,0,0,-1,-1,-1,-1,-1,0,0,-1,-1,-1,-1,-1,-1,-1,-1,-1,0,0,-1,0,-1,0,0,0,0,-1,0,0,0,-1,0,0,-1,0,0,0,-1,-1,0,0
"继外祖母-继外孙女",-1,-1,-1,-1,-1,-1,-1,-1,-1,-1,0,-1,0,0,0,-1,-1,-1,-1,-1,-1,0,0,0,-1,0,-1,-1,0,0,-1,-1,-1,-1,-1,0,-1,-1,-1,0,-1,0,0,-1,-1,-1,-1,-1,-1,0,-1,-1,-1,0,-1,0,0,-1,-1,-1,-1,-1,-1,-1,0,-1,0,0,-1,-1,-1,-1,-1,0,0,-1,-1,-1,0,0,-1,-1,0,-1,-1,0,-1,-1,0,-1,0,-1,-1,-1,-1,-1,-1,-1,-1,-1,-1,-1,-1,-1,-1,-1,-1,-1,-1,-1
"继父-继子",-1,-1,-1,-1,-1,-1,-1,-1,-1,-1,-1,-1,-1,-1,-1,-1,-1,-1,-1,-1,-1,-1,-1,-1,-1,-1,0,0,-1,-1,-1,0,-1,0,-1,-1,-1,-1,-1,-1,-1,-1,-1,0,-1,-1,-1,-1,-1,-1,0,0,-1,-1,-1,-1,-1,0,0,0,0,-1,-1,0,-1,0,-1,-1,0,0,-1,-1,-1,-1,-1,0,0,-1,-1,-1,-1,-1,-1,-1,-1,-1,0,0,-1,0,-1,0,0,0,0,-1,0,0,0,-1,0,0,-1,0,0,0,-1,-1,0,0
"继父-继女",-1,-1,-1,-1,-1,-1,-1,-1,-1,-1,-1,-1,-1,-1,-1,-1,-1,-1,-1,-1,-1,-1,-1,-1,-1,-1,0,0,-1,-1,-1,0,-1,0,-1,-1,-1,-1,-1,-1,-1,-1,-1,0,-1,-1,-1,-1,-1,-1,0,0,-1,-1,-1,-1,-1,0,0,0,0,-1,-1,0,-1,0,-1,-1,0,0,-1,-1,-1,-1,-1,0,0,-1,-1,-1,-1,-1,-1,-1,-1,-1,0,0,-1,0,-1,0,0,0,0,-1,0,0,0,-1,0,0,-1,0,0,0,-1,-1,0,0
"继母-继子",-1,-1,-1,-1,-1,-1,-1,-1,-1,-1,-1,-1,-1,-1,-1,-1,-1,-1,-1,-1,-1,-1,-1,-1,-1,-1,0,0,-1,-1,-1,0,-1,0,-1,-1,-1,-1,-1,-1,-1,-1,-1,0,-1,-1,-1,-1,-1,-1,0,0,-1,-1,-1,-1,-1,0,0,0,0,-1,-1,0,-1,0,-1,-1,0,0,-1,-1,-1,-1,-1,0,0,-1,-1,-1,-1,-1,-1,-1,-1,-1,0,0,-1,0,-1,0,0,0,0,-1,0,0,0,-1,0,0,-1,0,0,0,-1,-1,0,0
"继母-继女",-1,-1,-1,-1,-1,-1,-1,-1,-1,-1,-1,-1,-1,-1,-1,-1,-1,-1,-1,-1,-1,-1,-1,-1,-1,-1,0,0,-1,-1,-1,0,-1,0,-1,-1,-1,-1,-1,-1,-1,-1,-1,0,-1,-1,-1,-1,-1,-1,0,0,-1,-1,-1,-1,-1,0,0,0,0,-1,-1,0,-1,0,-1,-1,0,0,-1,-1,-1,-1,-1,0,0,-1,-1,-1,-1,-1,-1,-1,-1,-1,0,0,-1,0,-1,0,0,0,0,-1,0,0,0,-1,0,0,-1,0,0,0,-1,-1,0,0
"继兄-继弟",0,0,0,0,0,0,0,0,0,0,-1,0,-1,-1,-1,0,0,0,0,0,0,-1,-1,-1,0,-1,-1,-1,-1,-1,0,-1,0,-1,0,-1,0,0,0,-1,0,-1,-1,-1,0,0,0,0,0,-1,-1,-1,0,-1,0,-1,-1,-1,-1,-1,-1,0,0,-1,-1,-1,-1,-1,-1,-1,0,0,0,-1,-1,-1,-1,0,-1,-1,0,0,-1,0,0,-1,-1,-1,-1,-1,-1,-1,-1,-1,-1,0,-1,-1,-1,0,-1,-1,0,-1,-1,-1,0,0,-1,-1
"继兄-继妹",-1,-1,-1,-1,-1,-1,-1,-1,-1,-1,-1,-1,-1,-1,-1,-1,-1,-1,-1,-1,-1,-1,-1,-1,-1,-1,0,0,-1,-1,-1,0,-1,0,-1,-1,-1,-1,-1,-1,-1,-1,-1,0,-1,-1,-1,-1,-1,-1,0,0,-1,-1,-1,-1,-1,0,0,0,0,-1,-1,0,-1,0,-1,-1,0,0,-1,-1,-1,-1,-1,0,0,-1,-1,-1,-1,-1,-1,-1,-1,-1,0,0,-1,0,-1,0,0,0,0,-1,0,0,0,-1,0,0,-1,0,0,0,-1,-1,0,0
"继姐-继弟",-1,-1,-1,-1,-1,-1,-1,-1,-1,-1,-1,-1,-1,-1,-1,-1,-1,-1,-1,-1,-1,-1,-1,-1,-1,-1,0,0,-1,-1,-1,0,-1,0,-1,-1,-1,-1,-1,-1,-1,-1,-1,0,-1,-1,-1,-1,-1,-1,0,0,-1,-1,-1,-1,-1,0,0,0,0,-1,-1,0,-1,0,-1,-1,0,0,-1,-1,-1,-1,-1,0,0,-1,-1,-1,-1,-1,-1,-1,-1,-1,0,0,-1,0,-1,0,0,0,0,-1,0,0,0,-1,0,0,-1,0,0,0,-1,-1,0,0
"继姐-继妹",-1,-1,-1,-1,-1,-1,-1,-1,-1,-1,-1,-1,-1,-1,-1,-1,-1,-1,-1,-1,-1,-1,-1,-1,-1,-1,0,0,-1,-1,-1,0,-1,0,-1,-1,-1,-1,-1,-1,-1,-1,-1,0,-1,-1,-1,-1,-1,-1,0,0,-1,-1,-1,-1,-1,0,0,0,0,-1,-1,0,-1,0,-1,-1,0,0,-1,-1,-1,-1,-1,0,0,-1,-1,-1,-1,-1,-1,-1,-1,-1,0,0,-1,0,-1,0,0,0,0,-1,0,0,0,-1,0,0,-1,0,0,0,-1,-1,0,0
"养父-养子",0,0,0,0,0,0,0,0,0,0,-1,0,-1,-1,-1,0,0,0,0,0,0,-1,-1,-1,0,-1,-1,-1,-1,-1,0,-1,0,-1,0,-1,0,0,0,-1,0,-1,-1,-1,0,0,0,0,0,-1,-1,-1,0,-1,0,-1,-1,-1,-1,-1,-1,0,0,-1,-1,-1,-1,-1,-1,-1,0,0,0,-1,-1,-1,-1,0,-1,-1,0,0,-1,0,0,-1,-1,-1,-1,-1,-1,-1,-1,-1,-1,0,-1,-1,-1,0,-1,-1,0,-1,-1,-1,0,0,-1,-1
"养父-养女",-1,-1,-1,-1,-1,-1,-1,-1,-1,-1,-1,-1,-1,-1,-1,-1,-1,-1,-1,-1,-1,-1,-1,-1,-1,-1,0,0,-1,-1,-1,0,-1,0,-1,-1,-1,-1,-1,-1,-1,-1,-1,0,-1,-1,-1,-1,-1,-1,0,0,-1,-1,-1,-1,-1,0,0,0,0,-1,-1,0,-1,0,-1,-1,0,0,-1,-1,-1,-1,-1,0,0,-1,-1,-1,-1,-1,-1,-1,-1,-1,0,0,-1,0,-1,0,0,0,0,-1,0,0,0,-1,0,0,-1,0,0,0,-1,-1,0,0
"养母-养子",-1,-1,-1,-1,-1,-1,-1,-1,-1,-1,-1,-1,-1,-1,-1,-1,-1,-1,-1,-1,-1,-1,-1,-1,-1,-1,0,0,-1,-1,-1,0,-1,0,-1,-1,-1,-1,-1,-1,-1,-1,-1,0,-1,-1,-1,-1,-1,-1,0,0,-1,-1,-1,-1,-1,0,0,0,0,-1,-1,0,-1,0,-1,-1,0,0,-1,-1,-1,-1,-1,0,0,-1,-1,-1,-1,-1,-1,-1,-1,-1,0,0,-1,0,-1,0,0,0,0,-1,0,0,0,-1,0,0,-1,0,0,0,-1,-1,0,0
"养母-养女",0,0,0,0,0,0,0,0,0,0,-1,0,-1,-1,-1,0,0,0,0,0,0,-1,-1,-1,0,-1,-1,-1,-1,-1,0,-1,0,-1,0,-1,0,0,0,-1,0,-1,-1,-1,0,0,0,0,0,-1,-1,-1,0,-1,0,-1,-1,-1,-1,-1,-1,0,0,-1,-1,-1,-1,-1,-1,-1,0,0,0,-1,-1,-1,-1,0,-1,-1,0,0,-1,0,0,-1,-1,-1,-1,-1,-1,-1,-1,-1,-1,0,-1,-1,-1,0,-1,-1,0,-1,-1,-1,0,0,-1,-1
"义父-义子",-1,-1,-1,-1,-1,-1,-1,-1,-1,-1,-1,-1,-1,-1,-1,-1,-1,-1,-1,-1,-1,-1,-1,-1,-1,-1,0,0,-1,-1,-1,0,-1,0,-1,-1,-1,-1,-1,-1,-1,-1,-1,0,-1,-1,-1,-1,-1,-1,0,0,-1,-1,-1,-1,-1,0,0,0,0,-1,-1,0,-1,0,-1,-1,0,0,-1,-1,-1,-1,-1,0,0,-1,-1,-1,-1,-1,-1,-1,-1,-1,0,0,-1,0,-1,0,0,0,0,-1,0,0,0,-1,0,0,-1,0,0,0,-1,-1,0,0
"义父-义女",-1,-1,-1,-1,-1,-1,-1,-1,-1,-1,-1,-1,-1,-1,-1,-1,-1,-1,-1,-1,-1,-1,-1,-1,-1,-1,0,0,-1,-1,-1,0,-1,0,-1,-1,-1,-1,-1,-1,-1,-1,-1,0,-1,-1,-1,-1,-1,-1,0,0,-1,-1,-1,-1,-1,0,0,0,0,-1,-1,0,-1,0,-1,-1,0,0,-1,-1,-1,-1,-1,0,0,-1,-1,-1,-1,-1,-1,-1,-1,-1,0,0,-1,0,-1,0,0,0,0,-1,0,0,0,-1,0,0,-1,0,0,0,-1,-1,0,0
"义母-义子",-1,-1,-1,-1,-1,-1,-1,-1,-1,-1,-1,-1,-1,-1,-1,-1,-1,-1,-1,-1,-1,-1,-1,-1,-1,-1,0,0,-1,-1,-1,0,-1,0,-1,-1,-1,-1,-1,-1,-1,-1,-1,0,-1,-1,-1,-1,-1,-1,0,0,-1,-1,-1,-1,-1,0,0,0,0,-1,-1,0,-1,0,-1,-1,0,0,-1,-1,-1,-1,-1,0,0,-1,-1,-1,-1,-1,-1,-1,-1,-1,0,0,-1,0,-1,0,0,0,0,-1,0,0,0,-1,0,0,-1,0,0,0,-1,-1,0,0
"义母-义女",0,0,0,0,0,0,0,0,0,0,-1,0,-1,-1,-1,0,0,0,0,0,0,-1,-1,-1,0,-1,-1,-1,-1,-1,0,-1,0,-1,0,-1,0,0,0,-1,0,-1,-1,-1,0,0,0,0,0,-1,-1,-1,0,-1,0,-1,-1,-1,-1,-1,-1,0,0,-1,-1,-1,-1,-1,-1,-1,0,0,0,-1,-1,-1,-1,0,-1,-1,0,0,-1,0,0,-1,-1,-1,-1,-1,-1,-1,-1,-1,-1,0,-1,-1,-1,0,-1,-1,0,-1,-1,-1,0,0,-1,-1
"同父异母兄-同父异母弟",0,0,0,0,0,0,0,0,0,0,-1,0,-1,-1,-1,0,0,0,0,0,0,-1,-1,-1,0,-1,-1,-1,-1,-1,0,-1,0,-1,0,-1,0,0,0,-1,0,-1,-1,-1,0,0,0,0,0,-1,-1,-1,0,-1,0,-1,-1,-1,-1,-1,-1,0,0,-1,-1,-1,-1,-1,-1,-1,0,0,0,-1,-1,-1,-1,0,-1,-1,0,0,-1,0,0,-1,-1,-1,-1,-1,-1,-1,-1,-1,-1,0,-1,-1,-1,0,-1,-1,0,-1,-1,-1,0,0,-1,-1
"同父异母兄-同父异母妹",-1,-1,-1,-1,-1,-1,-1,-1,-1,-1,-1,-1,-1,-1,-1,-1,-1,-1,-1,-1,-1,-1,-1,-1,-1,-1,0,0,-1,-1,-1,0,-1,0,-1,-1,-1,-1,-1,-1,-1,-1,-1,0,-1,-1,-1,-1,-1,-1,0,0,-1,-1,-1,-1,-1,0,0,0,0,-1,-1,0,-1,0,-1,-1,0,0,-1,-1,-1,-1,-1,0,0,-1,-1,-1,-1,-1,-1,-1,-1,-1,0,0,-1,0,-1,0,0,0,0,-1,0,0,0,-1,0,0,-1,0,0,0,-1,-1,0,0
"同父异母姐-同父异母妹",-1,-1,-1,-1,-1,-1,-1,-1,-1,-1,-1,-1,-1,-1,-1,-1,-1,-1,-1,-1,-1,-1,-1,-1,-1,-1,0,0,-1,-1,-1,0,-1,0,-1,-1,-1,-1,-1,-1,-1,-1,-1,0,-1,-1,-1,-1,-1,-1,0,0,-1,-1,-1,-1,-1,0,0,0,0,-1,-1,0,-1,0,-1,-1,0,0,-1,-1,-1,-1,-1,0,0,-1,-1,-1,-1,-1,-1,-1,-1,-1,0,0,-1,0,-1,0,0,0,0,-1,0,0,0,-1,0,0,-1,0,0,0,-1,-1,0,0
