,prompt,relation,description
0,夫妻之间,夫妻之间,在当代中国社会文化背景下，夫妻关系以平等、互敬、互助为核心特征，强调情感共鸣与责任共担。婚姻法保障双方平等权利，共同承担家庭经济、子女教育及家务劳动。现代夫妻关系注重情感交流与个人成长空间的平衡，传统“男主外女主内”模式逐渐淡化，但家庭和谐与相互扶持仍是普遍价值追求。
1,父子之间,父子之间,父子关系呈现传统孝道与现代平等对话的融合。父亲通常承担家庭经济支柱与子女教育引导者的角色，强调责任传承与榜样作用。当代父子互动更注重情感表达与民主沟通，传统权威式教育逐步转向尊重子女自主性，但父亲在重大决策中仍常被视为重要意见参考者。
2,父女之间,父女之间,父女关系常体现为保护、关爱与情感依赖的细腻联结。父亲对女儿常表现出较强的保护意识，同时鼓励其独立与自信成长。随着性别平等观念普及，父亲更注重培养女儿的职业抱负与人格独立，传统“严父”形象逐渐融入更多情感支持与平等对话。
3,母子之间,母子之间,母子关系以情感紧密、生活关怀与道德教育为特点。母亲常扮演家庭情感纽带角色，在子女成长中提供细致照料与价值观引导。当代母子关系在保持亲密的同时，逐渐减少过度干预，鼓励子女自主决策，但母亲在家庭情感维系与生活关怀方面仍具有核心影响力。
4,母女之间,母女之间,母女关系兼具情感亲密、生活经验传承与性别认同建构的多重维度。母亲常作为女儿生活技能与性别角色的启蒙者，关系模式从传统“规训”转向更多朋友式交流。当代母女更强调相互理解与支持，尤其在职业发展、婚姻观念等议题上呈现代际对话与观念融合趋势。
5,兄弟之间,兄弟之间,在当代中国社会文化背景下，兄弟关系通常体现为一种基于血缘的横向男性亲属纽带，其内涵融合了传统家族观念与现代平等意识。特点包括：1) 在传统家庭结构中常被赋予‘手足同心’的责任期待，强调相互扶持与家族荣誉的共同承担；2) 现代城市家庭中逐渐趋向平等化、朋友化的相处模式，但重大决策时仍保留隐性长幼序位；3) 经济互助与情感支持并存，尤其在父母养老、家族事务等方面形成天然同盟；4) 受独生子女政策影响，当代实际存在的兄弟关系多集中于非独生家庭或堂/表亲延伸范畴
6,兄妹之间,兄妹之间,兄妹关系呈现中国传统性别角色与现代平等观念的交叉特质：1) 常隐含‘长兄如父’的文化遗存，兄长可能承担部分保护与指导责任，尤其在传统观念较强的家庭；2) 随着女性地位提升，城市兄妹关系日益趋向双向平等关怀，妹妹对兄长的情感支持作用显著增强；3) 在婚嫁阶段可能经历传统‘外嫁’观念与现代亲属网络维持的张力；4) 独生子女政策下实际兄妹组合较少，但堂/表兄妹间仍保留节庆聚会、重大事务商议等文化实践
7,姐弟之间,姐弟之间,姐弟关系在当代中国呈现动态演变特征：1) 传统上存在‘长姐如母’的照顾责任期待，尤其在多子女家庭中姐姐常承担辅助养育角色；2) 现代教育平等使姐弟知识结构趋同，姐姐常成为弟弟学业与社会化的重要参照；3) 城市化进程中，姐弟成年后关系更接近朋友模式，但姐姐在家庭情感维系上常发挥枢纽作用；4) 受女性职业发展影响，姐姐的经济独立与人生选择对弟弟的性别观念形成具有示范效应
8,姐妹之间,姐妹之间,姐妹关系构成中国家庭中独特的女性亲属支持网络：1) 传统上被赋予‘闺中密友’的情感联结属性，共享女性家庭经验与情感沟通模式；2) 现代社会中姐妹常成为职业发展、育儿经验、消费观念的重要交流对象，形成跨越核心家庭的信息网络；3) 在赡养父母方面往往比兄弟承担更多实际照料责任，形成隐性的分工协作；4) 独生子女政策使亲姐妹组合减少，但堂表姐妹、闺蜜拟亲缘关系部分承接了传统姐妹的情感功能
9,祖父孙子之间,祖父孙子之间,祖孙隔代关系在当代中国具有特殊文化意义：1) 传统‘隔代亲’现象在城市化进程中强化，祖父常通过物质关怀与家族历史传承表达情感；2) 受核心家庭结构与人口流动影响，实际相处呈现‘节假日密集互动’与‘远程关怀’相结合的模式；3) 祖父往往承担传统文化价值观（如家谱、祭祀礼仪、方言）传递者的角色；4) 在双职工家庭中，祖父可能参与孙辈照料，但教育主导权通常让位于父母，形成‘慈祖严父’的功能互补
10,祖父孙女之间,祖父孙女之间,在当代中国社会文化背景下，祖父与孙女的关系通常体现为一种跨代亲情，兼具传统家族观念与现代情感表达。祖父往往扮演慈祥、宽容的长辈角色，在传承家族历史、价值观的同时，也常表现出对孙辈的宠爱与支持。孙女则多被视为‘贴心小棉袄’，这种关系在城市化进程中逐渐从权威导向转向情感陪伴，但仍在节日团聚、家庭教育等方面保留着尊老爱幼的传统伦理内涵。
11,祖母孙子之间,祖母孙子之间,祖母与孙子的关系常被赋予‘隔代亲’的典型特征，祖母往往通过生活照料、情感关怀等方式传递家族温暖。在当代家庭结构中，祖母可能承担部分育儿协助功能，关系呈现生活化、日常化的特点。传统文化中‘重男轻女’观念在某些地区仍有残留，但整体趋向平等。孙子常被视为家族血脉的延续，祖母的关爱中常隐含对孙辈成长的期盼与文化传承的隐性教育。
12,祖母孙女之间,祖母孙女之间,祖母与孙女的关系常体现为女性代际的情感联结，兼具生活经验传授与情感共鸣的特点。祖母可能通过手工技艺、家庭故事等方式传递女性在家族中的记忆与文化，孙女则成为传统女性角色与现代价值观之间的桥梁。在当代社会，这种关系逐渐淡化性别规训色彩，更强调相互陪伴与情感支持，尤其在双职工家庭中，祖母常成为孙女成长过程中的重要情感依托。
13,外祖父外孙子之间,外祖父外孙子之间,外祖父与外孙子的关系在当代中国仍受传统宗族观念影响，但随家庭结构核心化而日益亲近。外祖父常以相对宽松的方式参与孙辈教育，关系模式较祖父更多轻松互动而非权威约束。现代城乡差异在此关系中有所体现：城市中外祖父可能更多扮演休闲陪伴角色，农村中则可能保留更多礼仪性互动。血缘认同上，‘外孙’与‘孙子’的称谓差异在年轻一代中逐渐模糊。
14,外祖父外孙女之间,外祖父外孙女之间,外祖父与外孙女的关系常呈现温和、慈爱的跨代互动特征。外祖父往往更倾向于包容、赞赏的教育方式，传统文化中对外姓孙辈的距离感在现代社会已显著减弱。这种关系常成为连接母系家族情感的纽带，外孙女通过外祖父了解母亲原生家庭的历史。在独生子女政策影响下，外祖父对外孙女的关注度与情感投入普遍提升，关系呈现个性化、情感化的当代家庭特征。
15,外祖母外孙子之间,外祖母外孙子之间,在当代中国社会文化背景下，外祖母与外孙子的关系属于隔代直系血亲，具有浓厚的亲情纽带。外祖母通常对孙辈充满慈爱与关怀，在家庭中扮演着‘慈祥长辈’的角色，常通过生活照料、传统故事讲述、节日礼物等方式传递家族情感与文化记忆。随着城市化与家庭结构变化，这种关系可能因居住距离而呈现‘近距离亲密’或‘远距离定期探望’两种模式，但数字化沟通（如视频通话）在一定程度上弥补了物理距离。外祖母往往对孙辈的成长保持关注，但教育责任更多由父母承担，形成‘情感支持为主，教育参与为辅’的特点。
16,外祖母外孙女之间,外祖母外孙女之间,外祖母与外孙女的关系在当代中国常被赋予更细腻的情感联结与文化传承意义。外祖母可能通过传授手工技艺（如编织、烹饪家族特色菜肴）、分享女性生活经验等方式，与孙女建立跨代际的性别认同纽带。在部分家庭中，外祖母对孙女的关怀会涉及学业鼓励、情感疏导等，但整体仍以温情陪伴为主。受现代性别平等观念影响，这种关系逐渐淡化传统性别角色束缚，更强调相互的情感依赖与精神支持。外祖母也常成为家族历史与母系亲属故事的讲述者，帮助孙女构建家族认同。
17,曾祖父曾孙子之间,曾祖父曾孙子之间,曾祖父与曾孙子的关系属于四代直系亲属，在当代中国较为少见，通常出现在多代同堂的大家庭或长寿家族中。这一关系具有鲜明的‘家族象征’意义，体现了家族延续与传统伦理观念。曾祖父往往被视为家族权威与历史的活载体，对曾孙的关怀多表现为精神层面的期许与祝福，实际互动受年龄与健康因素限制较大。关系特点常呈现‘仪式性互动’（如节日团聚时的问候、合影）与‘符号化传承’（如家族训诫、祖产故事的讲述）。在现代社会，这种跨代关系更强调尊重与纪念意义，而非日常功能性互动。
18,曾祖父曾孙女之间,曾祖父曾孙女之间,曾祖父与曾孙女的关系同样属于高辈分隔代亲缘，在当代家庭结构中较为特殊。曾祖父可能对曾孙女表现出温和的呵护，但受传统性别观念淡化影响，对待曾孙与曾孙女的差异已不明显。这一关系常承载着家族历史记忆的传递，曾祖父可能通过讲述家族迁徙、职业变迁等故事，潜移默化地增强曾孙女对家族根源的认知。互动模式以象征性关怀为主（如生日祝福、学业鼓励），实际生活交集较少。在城市化进程中，这种关系往往依赖于家族重大聚会场合的短暂互动，但数字化媒介为跨代交流提供了新途径。
19,曾祖母曾孙子之间,曾祖母曾孙子之间,曾祖母与曾孙子的关系在当代中国常被赋予‘慈祥守护者’的情感意象。作为家族中最年长的女性长辈，曾祖母往往以宽容、慈爱的态度对待曾孙，通过简单的肢体接触（如抚摸、微笑）、传统祈福习俗（如赠送红绳、压岁钱）表达关爱。由于年龄差距极大，日常互动有限，但曾祖母的存在本身即成为家族凝聚力与孝道文化的象征。在家庭叙事中，曾祖母常被塑造为‘家族根基’的象征，她的健康与长寿被视为家族福祉的体现。现代家庭中，这种关系更多由中间代（祖父母、父母）作为情感联结的桥梁，维系跨代的情感认同。
20,曾祖母曾孙女之间,曾祖母曾孙女之间,这是四代直系血亲关系，属于家族中的长幼纵向联结。曾祖母作为家族中的高龄尊长，往往象征着家族历史与传统的延续；曾孙女则代表家族的未来与新生代。在当代中国文化中，这种关系通常承载着家族记忆的传递、敬老传统的体现，以及节日团聚时的礼仪性互动。由于年龄跨度极大，实际日常接触可能较少，但通过家族活动、照片、故事讲述等方式维系情感联结，强调血脉传承与家族认同。
21,高祖父玄孙之间,高祖父玄孙之间,这是五代直系血亲关系，在当代社会较为罕见，通常出现在多代同堂的家族中。高祖父作为家族中最高辈分的象征，往往被赋予宗族根源的文化意义；玄孙则代表家族血脉的遥远延伸。这种关系具有强烈的象征性，常体现在族谱记载、祭祀仪式或家族重大聚会中，强调家族绵延与孝道文化的纵深维度。实际生活中因年龄差距极大，互动多以象征性关怀、家族荣誉共享为主，体现中国人对家族纵向延续的重视。
22,高祖母玄孙之间,高祖母玄孙之间,与高祖父玄孙关系类似，这是五代直系血亲中的女性尊长与幼辈关系。高祖母常被视为家族女性传承的纽带，其人生经历可能承载着家族女性史的记忆。在当代家庭结构中，这种关系既延续传统家族文化中对女性长者的尊重，也随着性别平等观念发展，更注重情感层面的跨代联系。互动往往通过家族口述史、传统手艺或家风传承等形式实现，体现家族文化通过女性谱系的传递。
23,外曾祖父外曾孙之间,外曾祖父外曾孙之间,这是四代母系直系血亲关系，在传统父系家族观念中常被归类为‘外亲’，但当代社会已逐渐淡化内外之别。外曾祖父作为母系家族的高辈分代表，其关系体现了双系亲属网络的扩展。随着独生子女政策影响和家庭结构变化，这种关系在情感联结上与父系亲属趋同，常通过母亲或外祖父母的中介维系，反映当代中国亲属关系向双系并重、情感导向的转变。
24,外曾祖母外曾孙之间,外曾祖母外曾孙之间,这是四代母系直系血亲中的女性尊幼关系。外曾祖母常与家族女性生活史、育儿经验传承相关联，在当代跨代育儿支持体系中可能具有特殊意义。随着女性在家族中话语权提升，这种关系成为连接多个核心家庭的柔性纽带，通过节庆团聚、健康关怀、婴幼儿照护经验传递等方式具体化。其互动模式既保留对高龄女性的传统尊重，也融入现代家庭的情感交流方式。
25,祖先后代之间,祖先后代之间,在当代中国社会文化背景下，祖先后代之间的关系体现为一种跨越时空的血缘与文化传承纽带。其内涵以宗族认同、孝道伦理和家族记忆为核心，特点包括：1）象征性连接强于日常互动，主要通过家谱、祭祀仪式（如清明扫墓）和口述历史维系；2）强调‘光宗耀祖’的责任伦理，后代成就常被视作对祖先的告慰；3）在城市化进程中，这种关系逐渐从实体宗族组织转向情感与文化符号的传承。
26,伯父侄子之间,伯父侄子之间,伯父与侄子关系属于父系亲属网络中的重要横向-纵向联结。其内涵受传统宗法观念影响，伯父常承担辅助性监护或榜样角色，特点包括：1）在核心家庭之外提供补充性男性长辈指导，尤其在父亲缺席时可能发挥更重要作用；2）关系亲密度受地理距离、家庭互动频率及财产继承传统等因素调节；3）当代社会中，随着家庭结构核心化，该关系逐渐趋向平等化与情感化，传统权威性减弱。
27,伯父侄女之间,伯父侄女之间,伯父与侄女关系呈现性别化的亲属互动模式。其内涵融合传统父系家族观念与现代性别平等意识，特点包括：1）传统上伯父对侄女多体现保护性角色，但经济支持与家族事务参与度常低于对侄子；2）受计划生育政策影响，独生女家庭中伯父可能成为重要的补充性男性亲属资源；3）当代城市环境中，关系更侧重情感关怀而非礼法约束，互动方式趋向个人化与平等化。
28,伯母侄子之间,伯母侄子之间,伯母与侄子关系属于姻亲与血亲的交叉联结。其内涵具有双重性：既是父系家族的女性成员对晚辈的照拂，又因姻亲身份而存在弹性边界，特点包括：1）传统上承担生活照料与情感关怀角色，但家族重大决策参与度较低；2）关系质量高度依赖伯母与侄子父母（尤其是兄弟-嫂媳）的关系状态；3）当代社会中，随着女性经济地位提升，伯母可能成为侄子的重要社会支持网络节点，超越传统亲属功能局限。
29,伯母侄女之间,伯母侄女之间,伯母与侄女关系常构成家族女性网络的重要环节。其内涵体现为跨代女性经验传递与情感联盟，特点包括：1）传统上存在‘姑嫂文化’的延伸影响，关系可能兼具亲密性与微妙张力；2）在性别议题觉醒的当代背景下，可能发展为女性成长的支持性关系，尤其在职业选择、婚恋观念等方面；3）随着家庭规模缩小，伯母可能成为侄女重要的替代性母亲形象或女性榜样，互动模式更趋现代性与个体化。
30,叔父侄子之间,叔父侄子之间,叔父与侄子是基于父系血缘形成的跨代亲属关系，在当代中国社会文化中具有以下特点：1. 传统上承载着家族延续的责任感，叔父常被视为辅助父亲教育侄子的角色；2. 随着家庭结构核心化，实际互动频率受地理距离影响较大，但春节等传统节日仍是重要联结纽带；3. 关系兼具权威与亲和双重性，年轻一代更倾向平等交流模式；4. 在财产继承、家族事务中仍保留一定传统文化规范影响。
31,叔父侄女之间,叔父侄女之间,叔父与侄女的关系在传统宗族文化中带有‘父权延伸’特征，当代呈现演变：1. 传统上叔父对侄女负有保护责任，尤其在婚嫁等事务中具有话语权；2. 现代社会中更多体现为情感关怀关系，权威色彩减弱；3. 受性别平等观念影响，叔父对侄女的教育支持、职业引导逐渐增多；4. 年轻女性对传统亲属义务的认知趋于理性，更注重实际情感联结而非形式规范。
32,叔母侄子之间,叔母侄子之间,叔母与侄子的关系是通过婚姻缔结的拟制亲属关系，特点包括：1. 传统上承担着辅助养育的‘类母亲’角色，尤其在传统大家庭中体现明显；2. 现代城市家庭中更多表现为礼节性亲属互动，情感亲密度取决于个人交往频率；3. 作为家族女性成员，叔母常在家族聚会中承担情感协调功能；4. 随着女性社会地位提升，叔母对侄子的影响从生活关怀扩展到人生经验分享。
33,叔母侄女之间,叔母侄女之间,叔母与侄女的关系具有女性亲属间的特殊联结：1. 传统上存在手艺传授、婚恋指导等性别化互动模式；2. 当代社会中可能发展为类似闺蜜的跨代情感支持关系；3. 在家族事务中常形成女性间的互助网络；4. 受女性意识觉醒影响，年轻侄女更期待从叔母处获得超越传统性别角色的经验分享。
34,姑父侄子之间,姑父侄子之间,姑父与侄子的关系是母系与父系交叉的亲属联结：1. 传统上因‘姑舅亲’习俗具有特殊亲近感，姑父常扮演较叔父更宽松的长辈角色；2. 现代家庭结构中，该关系更多依赖姑母的中介作用；3. 作为非直系血亲，互动模式灵活度较高，可能发展为亦师亦友的关系；4. 在跨地域家庭中，该关系常通过数字化社交工具维持基础联络。
35,姑父侄女之间,姑父侄女之间,在当代中国社会文化背景下，姑父与侄女的关系属于旁系姻亲关系，通常带有一定的家庭责任与情感联结。姑父作为姑姑的丈夫，常被视为家族中的长辈，对侄女往往表现出关爱与支持，但交往边界相对清晰，尊重传统家庭伦理。在日常互动中，姑父可能承担类似叔伯的指导角色，尤其在家族聚会或重要场合中体现礼节性关怀，而现代城市家庭中这种关系的亲密程度常取决于家庭互动频率与个人性格。
36,姑母侄子之间,姑母侄子之间,姑母与侄子的关系在中国传统文化中具有较密切的血缘关联，姑母常被赋予‘姑如母’的情感期待。当代背景下，姑母通常对侄子表现出较强的亲情关怀，尤其在教育、生活建议等方面可能发挥辅助性长辈作用。随着家庭结构小型化，实际互动可能减少，但在传统节日或家族事务中仍保持礼仪性互动，关系特点融合了传统亲属温情与现代相对平等的交流方式。
37,姑母侄女之间,姑母侄女之间,姑母与侄女的关系常被视为女性亲属间的特殊纽带，在传统家庭中可能涉及女性经验传承与情感支持。当代社会中，姑母对侄女可能扮演亦亲亦友的角色，尤其在婚恋、职业选择等话题上提供建议。这种关系往往比姑父与侄女更为亲密，互动中常包含更多情感交流与生活分享，同时受地域距离与家庭观念影响，其亲密程度存在较大个体差异。
38,舅父外甥之间,舅父外甥之间,舅父与外甥的关系在中国亲属制度中具有重要地位，传统上有‘舅父如父’的说法，尤其在母亲家族中常象征权威与支持。当代社会舅父仍常被视为重要的男性长辈，对外甥的成长、职业发展可能提供指导与资源帮助。关系特点结合了传统家族责任与现代相对松散的互动模式，在城市化进程中，实际交往可能趋于礼节性，但在关键人生节点仍保持较强的亲属认同。
39,舅父外甥女之间,舅父外甥女之间,舅父与外甥女的关系通常带有保护与关爱的色彩，传统上舅父在外甥女的婚姻等事务中具有一定话语权。当代背景下，舅父常以慈爱长辈形象出现，对外甥女的生活关怀多于权威干预。随着性别平等观念发展，关系更注重情感支持而非传统权责，互动方式趋于平等温和。在核心家庭为主的现代社会中，这种关系的实际紧密程度常取决于家庭往来频率与个人情感联结。
40,舅母外甥之间,舅母外甥之间,舅母是母亲的兄弟的妻子，外甥是姐妹的儿子。在当代中国社会文化背景下，这一关系属于旁系姻亲关系，通常带有一定的亲近感，但亲近程度受家庭互动频率、地域距离和家族观念影响。传统上舅母被视为长辈，外甥需给予尊重；在现代城市家庭中，关系可能更趋于平等和轻松，互动多体现在家庭聚会、节庆问候或必要支持中。
41,舅母外甥女之间,舅母外甥女之间,舅母是母亲的兄弟的妻子，外甥女是姐妹的女儿。这一关系与舅母-外甥关系类似，但可能因性别因素在互动中带有更细腻的情感表达。传统家庭中，舅母可能参与外甥女的成长关怀或生活建议；当代社会则更强调相互尊重与情感联结，关系性质兼具亲缘礼仪与个人交往色彩。
42,姨父外甥之间,姨父外甥之间,姨父是母亲的姐妹的丈夫，外甥是姐妹的儿子。作为旁系姻亲，姨父在传统家庭结构中常承担男性长辈的象征角色，但实际亲密度取决于家庭互动模式。在现代社会，姨父与外甥的关系往往随家庭交往程度而变化，可能涉及 mentorship（指导）或朋友式互动，尤其在城市化、小家庭化背景下更显弹性。
43,姨父外甥女之间,姨父外甥女之间,姨父是母亲的姐妹的丈夫，外甥女是姐妹的女儿。这一关系通常带有温和的长辈-晚辈特征，传统上姨父可能以保护者或支持者角色出现；当代则更注重平等沟通与情感关怀。受性别观念变迁影响，互动方式逐渐淡化权威色彩，倾向于相互尊重与家庭纽带维系。
44,姨母外甥之间,姨母外甥之间,姨母是母亲的姐妹，外甥是姐妹的儿子。这是旁系血亲关系，传统上姨母被视为“半个母亲”，关系常比姻亲更亲密。在当代中国，姨母往往承担情感支持、生活关照等角色，尤其在核心家庭互动频繁的背景下，关系兼具亲情与友谊特质，权威性较弱而互助性较强。
45,姨母外甥女之间,姨母外甥女之间,姨母与外甥女的关系属于旁系血亲，在当代中国社会文化中通常体现为跨代亲情关系。姨母常被视为仅次于母亲的女性长辈，承担部分关爱、教导的责任，关系亲密程度受家庭互动频率、地域距离等因素影响。传统上姨母在婚丧嫁娶等家族事务中具有一定话语权，现代城市家庭中则更强调情感纽带而非权威结构。
46,堂兄堂弟之间,堂兄堂弟之间,堂兄弟关系属于父系同辈旁系血亲，传统宗族观念中同为‘本家’男性后代。当代社会仍保留‘堂亲’的称谓认知，但实际互动模式呈现多样化：在保持传统家族联系的家庭中，堂兄弟可能参与共同祭祖、家族事务协商；在城市核心家庭为主的背景下，关系更接近朋友模式，亲密程度取决于成长过程中的共同经历与价值观契合度。
47,堂兄堂妹之间,堂兄堂妹之间,堂兄妹关系具有父系血缘的同辈异性亲属特征。传统社会存在‘男女有别’的交往界限，现代则更注重自然的情感联结。关系中常融合兄长对妹妹的保护意识与平等互助的兄妹情谊，婚嫁后关系可能因居住距离或新家庭重心而疏远，但在重要家族聚会中仍保持礼仪性亲属认同。
48,堂姐堂弟之间,堂姐堂弟之间,堂姐堂弟关系呈现年龄与性别交叉的亲属动态。传统上堂姐可能承担部分照顾幼弟的角色，现代社会则更强调平等互动。这种关系往往随着生命周期变化：童年期可能形成类似亲姐弟的亲密，成年后因性别差异与社会规范，交往通常较堂兄弟组合更为含蓄，但仍保留家族场合的互助义务。
49,堂姐堂妹之间,堂姐堂妹之间,堂姐妹关系作为父系同辈女性亲属，在传统家族体系中常通过共同参与女性家务活动强化联结。当代社会中，堂姐妹的情感纽带可能围绕女性生命经验（如教育、婚恋、育儿）展开，既存在传统家族认同，也发展出类似闺蜜的现代友谊模式。在独生子女政策影响下，堂姐妹可能成为重要的同龄亲属情感支持来源。
50,表兄表弟之间,表兄表弟之间,在当代中国社会文化背景下，表兄表弟关系属于父系或母系亲属中的平辈男性亲属关系。这种关系通常具有以下特点：1) 血缘亲近度较高，被视为重要的家族纽带；2) 在传统家族观念中承担着互相支持、维护家族荣誉的责任；3) 现代社会中，随着家庭结构核心化，实际交往频率可能受地域、年龄等因素影响，但春节等传统节日常保持联系；4) 关系氛围通常较为随意，兼具亲情与朋友性质，可能共同参与家庭事务或休闲活动。
51,表兄表妹之间,表兄表妹之间,表兄表妹关系是跨性别的表亲关系，在中国文化中具有特殊的社会规范内涵：1) 传统上受到'同姓不婚'等伦理约束，但表亲通婚在部分历史时期和地区曾被接受（如姑表亲）；2) 现代法律禁止三代以内旁系血亲结婚，表兄妹属于此范围；3) 日常交往中常体现兄长对妹妹的照顾责任，尤其在家庭聚会中；4) 随着性别平等观念普及，逐渐趋向平等互助的亲情模式，但长辈仍可能强调传统礼仪界限。
52,表姐表弟之间,表姐表弟之间,这种关系呈现年龄与性别交叉的特点：1) 传统家庭伦理中，年长表姐常被期待承担照顾、指导表弟的角色，尤其在父母辈在场时；2) 现代城市家庭中，关系更趋平等，可能发展为类似姐弟的亲密互动模式；3) 受'男大女小'传统观念影响，年长表姐与年幼表弟的关系动态有时会面临微妙的角色调整；4) 在家族事务中（如婚丧仪式），仍会遵循长幼有序的基本礼仪。
53,表姐表妹之间,表姐表妹之间,作为同性平辈表亲关系，具有以下特征：1) 易形成亲密的情感支持网络，尤其在女性亲属间常分享生活话题；2) 传统社会中可能存在嫁妆比较、婚姻状况等隐性竞争，现代则更多表现为学业、职业发展的相互激励；3) 在独生子女政策影响下，表姐妹常成为替代性姐妹情感纽带；4) 数字化社交使这种关系保持较高互动性，微信等工具成为维系情感的重要渠道。
54,姑表兄姑表弟之间,姑表兄姑表弟之间,特指父亲姐妹子女之间的男性表亲关系，在中国亲属制度中具有特殊文化意义：1) 传统宗法制度下，姑表亲被视为'外戚'，与'堂亲'（父系兄弟子女）的宗族地位有所区别；2) '姑舅亲'在部分农村地区历史上关系紧密，有'姑舅亲，辈辈亲'的俗语；3) 现代法律明确禁止结婚，传统通婚习俗已消失；4) 当代交往模式与其他表亲差异逐渐缩小，但老一辈仍可能更强调姑表关系的特殊性。
55,姑表兄姑表妹之间,姑表兄姑表妹之间,姑表兄妹关系属于父系血缘的旁系亲属关系，在当代中国社会文化背景下具有以下特点：1. 传统上属于‘中表之亲’，历史上存在通婚可能，但现代《婚姻法》禁止三代以内旁系血亲结婚；2. 通常因父系家族聚会（如春节、清明祭祖）保持联系，关系亲密度受家庭交往频率影响；3. 在城镇化进程中，地理分隔可能导致关系逐渐疏远，但数字化社交工具提供了新的维系方式；4. 仍保留一定的传统亲属称谓与礼仪，但年轻一代更倾向于平等友好的相处模式。
56,姑表姐姑表弟之间,姑表姐姑表弟之间,姑表姐弟关系与姑表兄妹具有相似的血缘结构，但存在性别与年龄差异带来的特点：1. 传统家庭结构中，年长表姐可能承担部分照顾年幼表弟的角色；2. 现代社会中，这种关系更接近同龄朋友，性别差异对互动的影响逐渐淡化；3. 在家族事务中（如婚丧嫁娶），仍遵循长幼有序的礼节性互动；4. 受独生子女政策影响，许多城市青年将表亲视为重要的手足情感替代。
57,姑表姐姑表妹之间,姑表姐姑表妹之间,姑表姐妹关系具有女性亲属联结的特点：1. 传统上可能因纺织、家务等女性活动空间形成亲密纽带，现代则转化为学业、职业、情感生活的分享关系；2. 在婚嫁习俗中，表姐妹常作为伴娘或婚礼协助者参与；3. 相较于男性表亲，女性表亲间的情感支持功能更为突出，尤其在生育、育儿等生活阶段；4. 当代女性意识觉醒背景下，这种关系往往呈现既保留传统亲属温情，又强调独立人格平等的双重特征。
58,舅表兄舅表弟之间,舅表兄舅表弟之间,舅表兄弟关系属于母系血缘的旁系亲属，在中国亲属制度中具有特殊地位：1. 传统文化中‘娘亲舅大’，舅舅在家族中享有权威，舅表关系常带有尊重与亲密交织的色彩；2. 母系亲属通常不涉及财产继承等敏感问题，关系相对轻松；3. 现代城市家庭中，舅表兄弟的互动更接近朋友模式，共同兴趣（如体育、游戏）成为重要联结；4. 在多子女家庭减少的背景下，这种关系成为少数能体验‘兄弟般竞争与合作’的社会化场景之一。
59,舅表兄舅表妹之间,舅表兄舅表妹之间,舅表兄妹关系融合了母系亲属的温情特征与性别差异互动：1. 传统上舅舅对甥辈有爱护责任，这种保护性可能延伸至舅表兄妹关系中；2. 相较于父系表亲，母系表亲因不涉及宗族事务，关系更侧重情感联结而非礼仪义务；3. 现代社会中，舅表兄妹的互动往往更自由，较少受传统性别隔离观念约束；4. 在跨地域流动常见的今天，这种关系可能因母亲作为情感枢纽而保持相对稳定的联系频率。
60,舅表姐舅表弟之间,舅表姐舅表弟之间,舅表姐与舅表弟是旁系血亲关系，属于表亲范畴。在当代中国社会文化背景下，这种关系通常具有以下特点：1. 因母亲一方的血缘纽带而产生，传统上被视为较为亲近的表亲关系；2. 受独生子女政策及家庭结构小型化影响，实际交往频率可能因地域和家庭观念差异而不同；3. 在法律上属于三代以内旁系血亲，婚姻受到限制；4. 现代社会中，双方关系往往介于亲戚与朋友之间，年轻一代更注重情感互动而非传统亲属义务。
61,舅表姐舅表妹之间,舅表姐舅表妹之间,舅表姐与舅表妹是旁系血亲关系，属于表亲中的同性平辈亲属。其特点包括：1. 通过母亲兄弟（舅舅）的子女关系联结，传统家庭中可能因性别相同而有较多共同成长经历；2. 当代社会背景下，双方关系往往体现为兼具亲属认同与个人友谊，尤其在节日聚会或家庭事务中保持联系；3. 受城市化与人口流动影响，实际亲密程度更多取决于个人交往而非单纯亲属名义；4. 在家庭文化传承中，可能共同承担部分亲属网络的情感维系功能。
62,姨表兄姨表弟之间,姨表兄姨表弟之间,姨表兄与姨表弟是母亲姐妹（姨母）之子间的表亲关系。其当代特征包括：1. 传统上被视为‘姨表亲’，因母亲姐妹的紧密联系常被认为关系较近；2. 在现代家庭结构中，双方可能因年龄相近而形成类似兄弟的情感联结，但实际互动受居住距离和个人价值观影响显著；3. 法律上属于三代以内旁系血亲；4. 随着核心家庭成为主流，这种关系逐渐淡化形式化的亲属规范，更注重自愿性的人际交往。
63,姨表兄姨表妹之间,姨表兄姨表妹之间,姨表兄与姨表妹是母亲姐妹（姨母）子女间的异性表亲关系。在当代中国社会文化中呈现以下特点：1. 因母亲姐妹的血缘纽带，传统家庭观念中关系较为亲近；2. 受性别差异影响，童年时期可能互动较多，成年后交往方式更接近朋友或兄妹模式；3. 现代法律禁止三代以内旁系血亲结婚，但社会对表亲间的日常交往持开放态度；4. 随着个体主义兴起，双方关系逐渐脱离传统亲属角色约束，趋向平等自愿的情感联结。
64,姨表姐姨表弟之间,姨表姐姨表弟之间,姨表姐与姨表弟是母亲姐妹（姨母）子女间的异性表亲关系，与姨表兄姨表妹关系对称。其当代内涵包括：1. 作为姨表亲，传统上因母亲姐妹的亲密性而具有较强亲属认同；2. 年龄差可能影响互动模式，年长表姐常被期待承担部分照顾责任，但现代社会中这种角色期待已弱化；3. 在法律和伦理层面属于三代内旁系血亲；4. 当前人际关系更注重个人情感投合，亲属身份更多体现在家庭重大事件或文化仪式中的象征性联结。
65,姨表姐姨表妹之间,姨表姐姨表妹之间,这是基于母系血缘延伸的平辈亲属关系，属于表亲范畴。在当代中国，这种关系通常带有较强的家族纽带意识，但亲密程度受地域、家庭观念和个人交往频率影响较大。城市化进程中，年轻一代的互动可能逐渐减少，但在传统节日或家族事务中仍保持礼仪性往来。关系特点包括：血缘认同感、平等性、以及在现代社会中逐渐从义务性联系向选择性情感联结转变。
66,岳父女婿之间,岳父女婿之间,这是通过婚姻建立的拟制亲属关系，属于纵向家庭关系。传统上具有‘半子’的伦理期待，强调女婿对岳父的尊重与责任。当代社会中，这种关系更趋向平等化与情感化，经济独立和核心家庭模式弱化了传统权威结构，但礼仪性的尊重（如节日探望、事务协商）仍是重要纽带。双方往往通过共同关心妻子/女儿的利益来维系关系，呈现出‘合作型亲属’的特点。
67,岳母女婿之间,岳母女婿之间,这是婚姻衍生的拟制亲属关系，常带有更显著的情感互动特征。传统上存在‘丈母娘看女婿’的亲近倾向，当代实践中，岳母往往更直接参与子女家庭事务（如育儿支持），使得关系兼具亲密性与边界张力。城市化背景下的‘双职工’家庭模式，使岳母可能承担更多实际支持角色，关系呈现工具性与情感性交织的特点，需要双方在传统孝道与现代家庭边界间寻求平衡。
68,公公儿媳之间,公公儿媳之间,这是父系家庭传统中较敏感的关系，受‘男女有别’传统伦理影响，历史上强调保持距离与礼仪。当代社会仍存在一定的边界意识，但逐渐向温和的互助关系演变。随着女性经济地位提升和居住模式变化（多为核心家庭独立居住），直接冲突减少，关系多表现为礼节性关怀与有限互助。在育儿等事务中可能产生协作，但通常需通过儿子/丈夫作为中介进行沟通。
69,婆婆儿媳之间,婆婆儿媳之间,这是中国家庭关系中备受关注且常被讨论的复杂关系。传统婆媳关系存在结构性张力（如家庭权力交接、情感竞争），当代虽因居住分离有所缓解，但仍受孝道文化、育儿参与和代际价值观差异影响。呈现出‘亲密有间’的现代特征：既期待相互支持（特别是育儿协助），又强调边界意识。成功的关系往往需要双方在传统责任与现代平等观念间找到动态平衡，且丈夫/儿子的协调角色至关重要。
70,舅父甥媳之间,舅父甥媳之间,舅父是母亲的兄弟，甥媳是外甥的妻子。在当代中国社会文化背景下，这一关系属于姻亲关系中的间接亲属关系。舅父作为长辈，通常受到甥媳的尊重，但实际互动频率受家庭亲密度、地域距离等因素影响较大。传统上舅父在家族中有一定权威，尤其在婚丧嫁娶等仪式中可能扮演重要角色，但现代城市家庭中这种关系往往较为疏离，多体现在年节聚会或家庭重大事务时的礼节性往来。
71,舅父甥女婿之间,舅父甥女婿之间,舅父是母亲的兄弟，甥女婿是外甥女的丈夫。这也是一种间接姻亲关系，在亲属网络中属于较边缘的联结。当代社会中，这一关系通常以家庭聚会为纽带，互动多基于礼仪和人情往来。舅父作为长辈，可能在甥女婿家庭遇到重大事务时提供建议或支持，但日常交往较少。随着家庭结构核心化，这种关系的情感纽带逐渐弱化，更多体现为符号性的亲属称谓。
72,伯父侄媳之间,伯父侄媳之间,伯父是父亲的兄长，侄媳是兄弟儿子的妻子。这是父系亲属关系中的间接姻亲关系。在传统宗族文化中，伯父作为家族长辈对侄媳有较高的权威性和道德约束力，但现代社会中这种关系趋于平等化。伯父与侄媳的交往通常以家庭事务为中介，如家族聚会、赡养老人等场合产生互动。双方关系注重礼节，保持适当距离，尤其在性别意识增强的背景下，互动往往通过中间亲属（如侄儿）进行。
73,伯父侄女婿之间,伯父侄女婿之间,伯父是父亲的兄长，侄女婿是兄弟女儿的丈夫。这一关系兼具父系亲属与姻亲双重属性。在当代城市家庭中，伯父与侄女婿的互动多限于家族庆典或年节问候，关系性质较为松散。传统上伯父可能对侄女婿的职业发展或家庭决策提供参考意见，但现代青年家庭独立性增强，这种影响已显著减弱。双方关系常体现为一种象征性的家族认同，实际情感联结较弱。
74,姐夫妻弟之间,姐夫妻弟之间,姐夫是姐姐的丈夫，妻弟是妻子的弟弟（即小舅子）。这是基于婚姻形成的平辈姻亲关系，在当代中国具有特殊的社会文化意涵。传统上妻弟在婚姻关系中常扮演女方家族代表角色，姐夫则需通过维护与妻弟的关系来巩固婚姻家庭纽带。现代社会中，双方关系更倾向于朋友式的平等交往，可能因年龄相近、兴趣相投而发展出较密切的互动，共同参与家庭事务、休闲活动等。这一关系往往成为连接两个原生家庭的重要桥梁。
75,妹夫妻兄之间,妹夫妻兄之间,指妹妹的丈夫与妻子的哥哥之间的关系，属于姻亲关系中的间接连襟关系。在当代中国社会文化背景下，这种关系通常较为疏远，互动多基于家庭聚会或重要仪式场合，双方的责任义务感相对较弱，更多以礼节性往来为主。随着核心家庭结构强化，此类关系的实际互动频率较低，但在传统节日或家族事务中仍可能体现互助与尊重。
76,妹夫妻姐之间,妹夫妻姐之间,指妹妹的丈夫与妻子的姐姐之间的关系，属于姻亲交叉关系。在当代中国文化中，这种关系往往缺乏明确的传统伦理规范，互动模式较为灵活。双方通常因配偶的亲属网络而产生联系，关系亲疏受个体家庭观念、地域习俗及个人性格影响较大，现代社会中更倾向于平等友好的相处方式，较少受传统长幼尊卑约束。
77,叔嫂之间,叔嫂之间,指丈夫的弟弟与嫂子之间的关系，是中国传统家庭伦理中备受关注的关系类型。当代背景下，传统“叔嫂避嫌”观念已淡化，但仍在部分保守家庭留有影响。双方关系多体现为平等互助的家庭成员关系，在城市家庭中常表现为同龄人间的友好互动，在农村或传统家庭中可能仍强调礼仪分寸。随着小家庭独立性增强，叔嫂共同居住情况减少，关系趋向简单化。
78,姑嫂之间,姑嫂之间,指丈夫的姐妹与妻子之间的关系，是中国家庭关系中较易产生矛盾的传统敏感关系。当代社会受女性地位提升、独立居住模式普及影响，姑嫂冲突有所缓解，但传统文化中“姑权”残余观念仍可能在某些家庭引发张力。理想状态下，现代姑嫂关系倡导相互尊重、边界清晰，多数通过保持适当距离维持和谐，在赡养老人、家族事务中需协商合作。
79,弟媳伯之间,弟媳伯之间,指弟弟的妻子与丈夫的哥哥之间的关系，属于姻亲平辈关系。传统上受“长兄如父”观念影响，兄长对弟媳需保持权威与距离，当代则更强调平等互敬。在城市家庭中，双方关系类似朋友或同事，互动自然；在部分农村地区仍注重礼仪规范。随着个体意识增强，这种关系逐渐脱离传统伦理束缚，转向以核心家庭为单位的相对独立往来。
80,兄妻弟妻之间,兄妻弟妻之间,在当代中国社会文化背景下，兄妻（嫂子）与弟妻（弟媳）之间通常被称为“妯娌关系”。这种关系具有以下特点：1. 以男性兄弟的血缘关系为纽带建立的非血缘亲属关系；2. 在传统家庭结构中，她们往往共同参与家族事务，如祭祀、节庆聚会等，现代城市家庭中互动频率可能降低；3. 关系内涵既有合作（如共同照顾老人、处理家族事务），也可能存在隐性的比较或竞争（如家庭地位、子女教育等）；4. 随着核心家庭成为主流，妯娌关系的紧密程度趋于灵活，更多取决于个人性格、居住距离和家庭价值观的契合度。
81,姐夫妹夫之间,姐夫妹夫之间,在当代中国社会文化背景下，姐夫与妹夫之间是通过婚姻联结的“连襟关系”（也称“襟兄弟”）。其特点包括：1. 以姐妹的婚姻为桥梁形成的男性亲属关系，属于姻亲范畴；2. 传统上关系较为松散，但在现代社会中可能因共同参与岳父母家庭活动、合作处理家庭事务而加强联系；3. 关系性质往往带有平等性和互助性，较少受传统长幼秩序约束；4. 在城市生活中，连襟间的互动更倾向于朋友化，关系质量取决于个人交往意愿和价值观相似性。
82,亲家亲家之间,亲家亲家之间,在当代中国社会文化背景下，亲家之间指子女婚姻联结的两对父母之间的关系。其特点为：1. 以子女婚姻为基础建立的拟亲属关系，法律上无直接权利义务，但社会文化中承载重要礼仪角色；2. 关系内涵强调礼节性、互助性与边界感，尤其在婚丧嫁娶、孙辈养育等事务中需协调合作；3. 现代城市家庭中，亲家之间通常保持“礼貌的尊重”，避免过度干涉子女家庭，居住距离较远时可能以节庆问候为主；4. 农村或传统家庭中，亲家关系可能更紧密，涉及经济互助、家族事务协商等。
83,从祖父从孙子之间,从祖父从孙子之间,在当代中国社会文化背景下，从祖父（祖父的兄弟）与从孙子（兄弟的孙子）之间属于“堂祖孙关系”，是父系家族中的旁系血亲。其特点包括：1. 关系基于同曾祖父的血缘纽带，传统家族观念中属于“近亲”，但现代法律已不认定为直系亲属；2. 内涵上体现家族纵向代际联系，从祖父在传统中可能参与家族决策，对从孙子有礼仪性的关爱与教导责任；3. 现代城市生活中，这种关系趋于淡化，互动多限于大型家族聚会，情感联结程度取决于家庭传统保留程度和居住 proximity；4. 农村或宗族文化保留较好的地区，堂祖孙之间仍可能保持较强的伦理尊重与象征性亲属义务。
84,从祖父从孙女之间,从祖父从孙女之间,在当代中国社会文化背景下，从祖父（祖父的兄弟）与从孙女（兄弟的孙女）之间的关系性质与“从祖父从孙子之间”类似，同属堂祖孙关系，但存在性别文化差异：1. 作为父系家族的旁系血亲，传统上从孙女在家族仪式中的地位可能低于从孙子（如祭祀参与度），但现代平等观念已逐渐消解此类差异；2. 关系内涵强调长辈对晚辈的关怀与礼仪性照拂，从祖父在传统中可能对从孙女的婚姻、学业给予象征性关注；3. 当代社会中，这种关系的情感实质趋于平等化，互动模式更接近普通远亲，性别因素对关系的影响显著减弱；4. 在家族观念较强的环境中，从祖父仍可能被视为家族权威的延伸，对从孙女保有温和的监护象征意义。
85,从祖母从孙子之间,从祖母从孙子之间,从祖母指祖父的兄弟之妻（即叔祖母或伯祖母），从孙子指孙辈中非直系但属同宗的男性后代。在当代中国社会文化背景下，这种关系属于扩展家族中的旁系亲属关系，通常体现传统宗族观念的延续，但实际互动频率受现代核心家庭结构影响而较低。关系内涵强调辈分伦理与家族认同，特点表现为礼节性尊重多于日常亲密互动，常见于家族聚会或重要仪式场合，年轻一代可能对其具体称谓和亲疏界限认知模糊。
86,从祖母从孙女之间,从祖母从孙女之间,从祖母与从孙女的关系与上述类似，但性别为女性孙辈。在当代中国文化中，这种关系同样承载家族代际联结的象征意义，但实际交往中可能因性别因素呈现更显著的情感关怀倾向（如传统中女性长辈对孙女辈的婚恋、生活关切）。特点包括：1) 关系存在基于血缘与姻亲的双重纽带；2) 互动模式受地域文化影响较大（如农村宗族体系保留较多互动规范）；3) 现代城市环境中关系逐渐简化为符号性亲属称谓。
87,从祖姑从侄孙之间,从祖姑从侄孙之间,从祖姑指祖父的姐妹（即姑祖母），侄孙指兄弟之孙。这种关系属于父系家族中的女性长辈与隔代旁系晚辈的关系。在当代社会，其内涵体现中国传统家族制度中‘姑权’文化的残余，即女性通过血缘在父系家族中保持一定影响力。特点包括：1) 关系纽带较前述更为疏远，常见于多代同堂的大家族记载；2) 现代社会中多表现为年节问候或家族事务参与时的礼仪性关系；3) 年轻一代往往更熟悉直系亲属称谓，对此类旁系称谓的认知需依赖家族口述史或族谱。
88,再从兄再从弟之间,再从兄再从弟之间,指同一曾祖父但不同祖父的兄弟关系，属第四亲等旁系血亲。在当代中国，这种关系通常出现在家族观念较强的地区或家族企业环境中。内涵强调‘同宗共祖’的集体认同，但实际亲密程度受地理距离、代际传承等因素制约。特点表现为：1) 关系界定依赖清晰的族谱系统；2) 互动多集中于修谱、祭祖等集体仪式；3) 城市化进程中，此类关系常被简化为‘远房兄弟’，法律上的权利义务关系微弱，更多体现文化意义上的家族归属感。
89,三从兄三从弟之间,三从兄三从弟之间,指同一高祖父但不同曾祖父的兄弟关系，属第五亲等旁系血亲，是传统中国‘五服’亲属制度的边缘范畴。在当代社会文化中，这种关系已高度符号化，其内涵主要体现为历史宗族文化的活化石。特点包括：1) 绝大多数现代人难以明确辨识此类亲属，需依赖族谱记载；2) 关系存在仅在某些传统文化保存较好的乡村或宗族活动中被激活；3) 本质上已成为一种文化人类学意义上的亲属分类，反映中国传统家族制度层级森严的特点，但实际社会功能几乎完全让位于地缘、业缘等现代人际关系。
90,堂伯堂侄之间,堂伯堂侄之间,堂伯与堂侄是基于父系宗族血缘形成的亲属关系，属于同宗不同支的叔侄辈分关系。在传统宗族观念中，堂伯作为长辈对堂侄具有一定的道德关怀义务，堂侄则需保持尊重。当代社会随着家庭结构核心化，实际交往频率受地理距离和个人亲疏影响较大，但逢年过节或家族重大事务时仍会体现宗族认同感。
91,表叔表侄之间,表叔表侄之间,表叔与表侄是基于母系或旁系姻亲形成的亲属关系，属于异姓亲属中的跨代关系。传统上这种关系较堂亲更为松散，但仍有‘娘亲舅大’的文化影响。当代社会中，表亲关系的维系更依赖家庭间的主动联系，通常体现在节日聚会或人生重要仪式中，具有弹性化、情感导向的特点。
92,族伯叔族侄之间,族伯叔族侄之间,这是基于同姓氏宗族谱系形成的远房叔侄关系，通常超出五服但仍属同宗。传统上依靠族谱、祠堂等宗族制度维系身份认同，族中长辈对族侄有象征性的教化责任。当代城市化进程中，此类关系多存在于乡土社会或宗族活动复兴地区，日常互动较少，但在修谱、祭祖等集体仪式中会强化宗族归属意识。
93,族兄族弟之间,族兄族弟之间,指同宗远房平辈男性之间的关系，血缘距离较远但共享姓氏宗族认同。传统宗族社会中常通过辈分字派维系长幼序列，现代则更多体现为地域性宗亲联谊。在当代城市生活中，此类关系通常弱化为符号性认同，但在农村或宗族文化浓厚的地区，仍可能涉及互助网络或资源联结。
94,族姐族妹之间,族姐族妹之间,作为同宗远房平辈女性关系，传统上因女性出嫁后属外姓人，在宗族体系中的地位较为边缘。当代随着性别平等观念发展，族姐妹关系逐渐突破旧有宗法约束，更多体现为个人情感联结。在宗族活动日益包容女性的背景下，部分地区族姐妹开始参与宗族事务，形成兼具传统血缘认同与现代平等意识的新型关系。
95,堂祖父堂侄孙之间,堂祖父堂侄孙之间,堂祖父与堂侄孙之间属于宗族旁系隔代亲属关系。堂祖父是祖父的兄弟（堂兄弟）之子，即父亲的堂兄弟；堂侄孙则是自己堂兄弟的孙子。这一关系体现了中国传统家族制度中的‘五服’宗亲体系，血缘关系较远但仍在宗族伦理框架内。当代社会背景下，双方通常因家族聚会或重大仪式（如祭祖、婚丧）产生联系，日常互动较少，关系亲疏受地域距离和家族凝聚力影响较大。
96,堂祖母堂侄孙之间,堂祖母堂侄孙之间,堂祖母是堂祖父的配偶，与堂侄孙无直接血缘关系，属于姻亲衍生的宗族伦理关系。在传统家族文化中，堂祖母作为家族长辈受到尊重，但其与堂侄孙的实际互动往往取决于堂祖父在家族中的地位及家庭往来密切程度。当代城市化进程中，此类关系进一步淡化，多表现为礼仪性称谓，实际情感联结较弱。
97,堂姐夫堂内弟之间,堂姐夫堂内弟之间,堂姐夫是堂姐妹的丈夫，堂内弟是妻子或丈夫的堂兄弟，双方通过婚姻与血缘网络交叉联结，属于‘姻亲叠加宗亲’的复合关系。这一关系既包含姻亲间的礼俗往来，又因涉及堂亲而带有一定的宗族认同色彩。在现代社会，双方关系通常以具体家庭交往为基础，可能因共同参与家族事务或社交活动产生联系，但缺乏明确的传统伦理规范约束。
98,表嫂表小叔之间,表嫂表小叔之间,表嫂是表哥的妻子，表小叔是丈夫的表弟，双方通过表亲婚姻关系间接连接，属于较复杂的远层姻亲关系。传统亲属体系中对此类关系缺乏严格界定，现代社会中其互动多取决于个体家庭间的私人交往意愿。随着核心家庭成为主流，此类关系常止于称谓层面，实际交往频率较低，但仍可能在某些地域性强的宗族文化保留区保持礼仪性往来。
99,姻伯叔姻侄之间,姻伯叔姻侄之间,姻伯叔指配偶的伯父或叔父，姻侄则是配偶兄弟的子女，属于典型的姻亲长辈与晚辈关系。传统上姻亲关系受‘夫族为本位’观念影响，姻伯叔对姻侄具有礼仪性权威。当代社会更强调平等互敬，双方关系以婚姻为纽带，在婚丧嫁娶等仪式场合体现礼节性互动，日常交往则取决于两个原生家庭间的亲密度，具有较大的弹性与情境依赖性。
100,舅公甥孙之间,舅公甥孙之间,舅公是母亲的舅舅，甥孙是外甥的子女，属于三代旁系血亲。在当代中国家庭文化中，这种关系通常带有一定的宗族延续感和传统亲缘认同，但实际交往密切程度受地域、家庭观念和居住距离影响较大。舅公作为长辈，在传统节日或家族聚会中仍可能受到尊敬，但日常互动往往不如直系亲属频繁。
101,姨婆姨甥孙之间,姨婆姨甥孙之间,姨婆是母亲的姨妈，姨甥孙是姨甥的子女，属于三代旁系血亲。这一关系在传统上被视为‘娘亲’一脉的重要延伸，尤其在母系亲属网络较强的地区（如部分南方宗族文化区）仍保留一定情感联结。当代社会中，随着家庭结构核心化，实际交往多限于重大仪式或年节问候，但数字化社交工具可能辅助维持跨代联系。
102,继祖父继孙子之间,继祖父继孙子之间,这是因父母再婚形成的拟制血亲关系，继祖父是继父或继母的父亲。在当代中国，此类关系的内涵高度依赖家庭融合程度。若再婚时孙子年龄较小且共同生活，可能发展出类似直系祖孙的情感纽带；若再婚发生在孙子成年后，则更多体现为礼节性亲属关系，法律上无抚养/赡养义务，但社会期待双方保持基本尊重。
103,继祖父继孙女之间,继祖父继孙女之间,与继祖父-继孙子关系性质类似，但因性别因素可能呈现细微差异。在传统观念较强的家庭中，继祖父对继孙女可能更强调呵护与关怀的角色表达。当代城市家庭中，这种关系通常趋向平等化，情感联结程度主要取决于共同生活经历、家庭互动模式以及继子女对父母再婚的接纳度。
104,继祖母继孙子之间,继祖母继孙子之间,继祖母是继父或继母的母亲，属于因婚姻联结产生的拟制亲属。在中国家庭文化中，祖母常被赋予‘慈爱照料者’的象征角色，因此继祖母可能通过生活照料、情感关怀等方式主动促进关系融合。但若再婚家庭存在矛盾，这种关系也易受复杂家庭 dynamics 影响。当代法律虽未规定权利义务，但社会伦理仍鼓励建立和谐互动。
105,继祖母继孙女之间,继祖母继孙女之间,在当代中国社会文化背景下，继祖母与继孙女的关系属于重组家庭中的隔代亲属关系。其特点包括：1. 法律上虽无直接抚养义务，但常被期待建立情感纽带；2. 关系建立基础取决于继子女与继父母的原生关系质量；3. 受传统孝道文化影响，社会期待双方保持礼节性尊重；4. 实际亲密度受居住距离、经济互动、情感投入等因素影响较大；5. 在家族仪式（如春节团聚）中通常被纳入亲属网络。
106,继外祖父继外孙子之间,继外祖父继外孙子之间,这是母系重组家庭中的外祖孙辈关系，具有以下特点：1. 在父系传统仍存的社会结构中，该关系常被视为‘次级亲属纽带’；2. 关系发展往往依赖母亲作为情感中介；3. 现代城市家庭中，随着性别平等意识提升，该关系可能更注重实际情感互动而非传统称谓；4. 在儿童抚养支持系统中可能承担辅助角色；5. 节庆互动频率通常低于直系祖孙关系。
107,继外祖父继外孙女之间,继外祖父继外孙女之间,作为跨性别的隔代重组亲属关系，其特点包括：1. 受传统性别观念影响，继外祖父可能对继外孙女表现出更明显的保护倾向；2. 在家庭教育中常体现为温和的引导者角色；3. 社会对该关系的道德约束较弱，互动边界更依赖家庭自主规范；4. 随着女性社会地位提升，继外孙女在该关系中可能拥有更多主动性；5. 遗产继承等法律权益通常不直接涉及此类关系。
108,继外祖母继外孙子之间,继外祖母继外孙子之间,这一关系呈现以下特征：1. 在传统家庭观念中常被赋予‘慈爱照料者’的角色期待；2. 实际互动常围绕生活照料、情感支持展开；3. 受现代核心家庭模式影响，物理距离可能削弱日常联系；4. 在跨代育儿支持系统中可能承担临时照料功能；5. 关系质量高度依赖继外祖母与女儿（即孙子的母亲）的关系状态。
109,继外祖母继外孙女之间,继外祖母继外孙女之间,作为双女性隔代重组关系，其特点表现为：1. 易形成情感共鸣，尤其在女性生活经验传承方面；2. 可能成为传统女红技艺、家庭记忆传递的潜在渠道；3. 在现代语境下，双方常通过数字通讯保持联系；4. 受女性平均寿命较长影响，该关系可能持续较长时间；5. 在家族冲突中可能形成隐性同盟，但也可能因代际观念差异产生矛盾。
110,继父继子之间,继父继子之间,在当代中国社会文化背景下，继父与继子之间的关系通常建立在重组家庭的结构中，具有法律上的监护与抚养义务，但情感联结需要较长时间培养。其特点包括：1) 社会期待继父承担经济支持与教育责任，但传统‘严父’角色可能因非血缘关系而弱化；2) 双方需面对血缘认同与社会标签的复杂性，容易产生情感距离或边界感；3) 随着家庭观念现代化，越来越多继父子通过共同生活与主动沟通构建亦亲亦友的关系，尤其在子女成年后更易发展为平等尊重的互动模式。
111,继父继女之间,继父继女之间,继父与继女的关系在当代中国常被置于更敏感的社会审视下，兼具保护与界限的双重维度。其特点包括：1) 受传统性别观念影响，社会对继父与继女的身体距离和相处方式存在隐性规范，要求继父尤其注重分寸感；2) 继父往往被期待扮演支持性角色，如学业辅导或情感关怀，但过度介入可能引发母女原生纽带的紧张；3) 在健康的重组家庭中，继父可通过尊重继女自主性、支持其成长来建立信任，现代城市家庭更强调平等对话与边界共识。
112,继母继子之间,继母继子之间,继母与继子的关系常面临传统文化中‘后母’污名化的挑战，同时承载家庭整合的实践压力。其特点包括：1) 社会对继母的角色期待存在矛盾——既要求其履行母亲职责（如生活照料），又容易因管教行为被质疑‘偏心’或‘苛刻’；2) 继子可能因忠诚于生母而产生排斥心理，继母需通过持久耐心与公平态度争取接纳；3) 当代家庭更倡导渐进式情感建设，继母与继子的关系往往随子女年龄增长而演变，成年后可能转化为相对独立的互助关系。
113,继母继女之间,继母继女之间,继母与继女的关系易受性别同质性与社会比较的影响，在重组家庭中呈现微妙的情感竞争与合作可能。其特点包括：1) 传统叙事中继母与继女常被塑造为对立角色，现实中双方需克服刻板印象，尤其在青春期女儿与继母的权力互动中更显复杂；2) 继母可能通过共同女性经验（如审美、情感交流）建立联结，但也可能因与生母的对比被继女隐性评判；3) 当代中国城市家庭中，部分继母女通过明确角色边界、发展共同兴趣形成类似‘导师’或‘朋友’的弹性关系，农村家庭则更侧重实际生活协作。
114,继兄继弟之间,继兄继弟之间,继兄弟关系属于重组家庭中的平辈联结，其性质介于血缘兄弟与朋友之间。特点包括：1) 初期多因家庭强制整合而共处，情感基础薄弱，易因资源分配（如父母关注、物质资源）产生竞争；2) 年龄差距与共同生活时长是关键变量——童年期共同成长可能培养出类血缘情谊，青少年期则需更长时间磨合；3) 当代中国独生子女政策遗留影响下，继兄弟关系成为少数非独生体验，双方往往在家庭活动（如共同游戏、学习）中构建协作记忆，成年后关系可能转化为疏淡的亲戚纽带或主动选择的伙伴关系。
115,继兄继妹之间,继兄继妹之间,基于父母再婚形成的拟制血缘关系，双方无直接血缘联系。在当代中国社会，这种关系通常被期待建立相互尊重、友善互助的家庭成员关系，但实际亲密度受重组家庭融合程度、年龄差、共同生活经历等因素影响较大。法律上虽无强制义务，但社会文化鼓励培养类似亲兄妹的情感纽带，尤其在共同居住期间需遵守家庭伦理规范。
116,继姐继弟之间,继姐继弟之间,通过父母再婚联结的异姓兄弟姐妹关系，具有家庭结构上的名义关联性。当代社会强调平等互助的家庭角色定位，双方往往在家庭活动中承担类似亲姐弟的互动模式（如年长者对年幼者的关照）。关系的实质化程度取决于家庭整合策略、居住安排及情感投入，现代社会对此类关系的包容性较强，尊重个体边界意识。
117,继姐继妹之间,继姐继妹之间,重组家庭中形成的同辈女性亲属关系，具有法定家庭身份但无遗传关联。在注重家庭和谐的中国文化背景下，常被赋予情感支持与生活协作的期待，尤其在多子女家庭中需协商资源分配与相处边界。当代观念更强调基于自愿的情感联结，而非传统宗法约束，双方可通过共同生活经历发展出从疏离到亲密的多元关系形态。
118,养父养子之间,养父养子之间,通过法定收养程序建立的拟制直系亲属关系，具有完全的法律父母子女权利义务。在当代中国社会，这种关系受到《民法典》的全面保护，强调‘视同亲生’的情感与责任伦理。文化层面上既延续‘养育之恩重于血缘’的传统观念，又融入现代儿童权益保护理念，注重培养相互尊重、平等沟通的亲子模式，社会认同度较高。
119,养父养女之间,养父养女之间,法律确认的父女关系，享有与自然血亲同等的权利义务。当代社会在继承传统孝道文化的同时，特别关注收养关系中性别因素的敏感性，强调建立健康、界限清晰的亲情模式。社会舆论普遍倡导养父母应给予女儿平等关爱，同时注重性别平等教育与安全保护，相关法律对收养后监护职责有严格规范，旨在构建稳固的情感与法律双重纽带。
120,养母养子之间,养母养子之间,基于法律收养关系形成的拟制直系亲属关系，具有与自然血亲同等的法律地位。在当代中国社会，这种关系强调法律赋予的抚养教育义务与赡养扶助权利，情感纽带往往通过长期共同生活建立。随着社会观念开放，收养关系逐渐淡化血缘差异，更注重家庭功能的完整性与情感认同，但传统观念中仍可能存在对非血缘关系的隐性关注。
121,养母养女之间,养母养女之间,法律收养形成的拟制母女关系，兼具法律规范与社会文化双重维度。在当代中国文化背景下，这种关系常被赋予'养育恩情'的道德内涵，强调相互的情感依赖与责任伦理。随着性别平等观念发展，养母与养女的关系模式逐渐突破传统'慈母孝女'的单一模板，更注重个体间的平等沟通与相互成就，但传统家庭角色期待仍可能产生隐性影响。
122,义父义子之间,义父义子之间,基于民间认亲习俗形成的拟制亲属关系，不具有法律强制效力但受社会习俗认可。在当代社会，这种关系多存在于地域性或行业性人际网络中，既保留传统'父子伦常'的文化象征意义，又融入现代社会的契约性与工具性色彩。关系内涵常随具体情境变化，可能体现为情感联结、社会资源互助或文化传承等多种形态，其稳定性低于法律亲属关系。
123,义父义女之间,义父义女之间,民间认亲习俗形成的拟制父女关系，承载着传统宗族文化中'庇护-顺从'关系的现代变体。当代实践中常呈现双重特性：一方面延续'如父如女'的情感关怀与道德责任，另一方面受现代平等观念影响，逐渐弱化权威依附色彩。在城市化进程中，这种关系可能转化为跨代际的社会支持网络，但需注意避免传统性别角色固化带来的潜在权力失衡。
124,义母义子之间,义母义子之间,基于自愿认亲形成的拟制母子关系，在当代中国常体现为跨血缘的情感补偿或社会联结。相较于法律收养，这种关系更具灵活性与民间契约性质，其内涵往往取决于具体情境：可能是传统文化中'慈母义子'模式的延续，也可能是现代社会中跨代际情感陪伴的体现。随着家庭结构多元化，这种关系逐渐剥离封建宗法色彩，更强调双向的情感支持与道德自愿性。
125,义母义女之间,义母义女之间,在当代中国社会文化背景下，义母与义女的关系是一种拟亲属关系，通常基于情感联结或社会认可而建立，缺乏法律上的权利义务。其内涵强调情感上的关怀与支持，形式上可能包含生活照顾、经济帮助或社会资源分享，但与传统血缘母女关系相比，边界更为灵活，稳定性取决于双方持续的情感投入和社会互动。特点是兼具亲密性与选择性，常出现在朋友家庭深度交往、行业 mentorship 或地域文化习俗（如认干亲）中，可能伴随一定的社会期待，但较少受到传统家庭伦理的严格约束。
126,干爹干儿子之间,干爹干儿子之间,干爹与干儿子的关系是一种非血缘的父辈与子辈拟制亲属联结，在当代常源于家庭友谊、社会网络拓展或行业提携。内涵上可能包含一定程度的指导、资源支持与情感关照，但与传统父子关系相比，更侧重社会资本传递而非家庭责任。特点是具有明显的工具性与情感性双重维度：一方面可能涉及职业引导、经济帮助或社会关系介绍；另一方面也强调尊重与亲近感。这种关系易受社会舆论关注，尤其在权力或资源不对称时，可能被赋予复杂的社会解读。
127,干爹干女儿之间,干爹干女儿之间,干爹与干女儿的关系在当代中国文化中具有较高的社会敏感性，通常建立在家庭世交、地域习俗或社会互动基础上。内涵上可能表现为长辈对晚辈的关爱、经济支持或人生指导，但与传统父女关系相比，缺乏制度性约束，边界容易模糊。特点是在社会认知中常被赋予双重想象：一方面可能被视为纯洁的拟亲属互助；另一方面因性别因素和权力差异，易被关联到潜藏的交换关系或情感越界风险。这种关系往往需要更多的公开透明度与社会监督，以维持其正当性。
128,干妈干儿子之间,干妈干儿子之间,干妈与干儿子的关系是一种母辈与子辈的拟制亲属连接，多基于亲密家庭友谊或地域认干亲习俗形成。内涵上强调情感关怀、生活照料及一定程度的社会支持，类似扩展的家庭互助网络。特点是相对干爹干女儿关系而言社会敏感度较低，但仍存在情感边界问题。在当代城市社会中，这种关系可能更侧重情感陪伴与生活经验传递，尤其在核心家庭小型化背景下，部分承担了传统家族中姑姨辈的角色功能，但稳定性依赖于双方的持续互动。
129,干妈干女儿之间,干妈干女儿之间,干妈与干女儿的关系在当代中国常被视为较为自然的拟制母女关系，多源于双方家庭交好或女性间的特别投缘。内涵上注重情感交流、生活经验传授与女性支持网络构建，有时也涉及经济帮助或社会资源介绍。特点是具有较强的同性别亲和性与情感表达自由度，较少受到如异性干亲关系那样的社会猜疑。在城市化进程中，这种关系可能成为跨代际女性互助的一种形式，融合了传统干亲习俗与现代朋友式 mentorship 的特点，边界相对清晰，社会接受度较高。
130,同父异母兄同父异母弟之间,同父异母兄同父异母弟之间,在当代中国社会文化背景下，同父异母兄弟之间的关系具有复合性特征。双方因共享生物学父亲而产生法律与伦理上的兄弟关系，但通常因不同母亲、分属不同核心家庭成长，实际亲密度受家庭整合程度、居住安排、父母态度及经济互动等因素影响。随着家庭结构多元化，此类关系在继承权、家庭责任分配等方面可能存在协商空间，社会普遍期待双方保持基本礼节与互助，但实际情感联结常介于亲兄弟与远亲之间。
131,同父异母姐同父异母妹之间,同父异母姐同父异母妹之间,同父异母姐妹关系呈现血缘与情感分离的特点。法律上互为姐妹，享有相应亲属权利，但因母亲不同、成长环境差异，关系建立依赖后天家庭融合努力。当代中国文化中，女性亲属常被赋予情感维系角色，但同父异母姐妹可能因财产继承、家庭资源分配等潜在张力而关系复杂。随着平等观念普及，双方更倾向于基于个人意愿构建关系模式，社会评价逐渐淡化传统'嫡庶'观念，更关注实际相处质量。
132,同父异母兄同父异母妹之间,同父异母兄同父异母妹之间,作为异性别同父异母兄妹，其关系受传统家族伦理与现代平等观念共同影响。法律上属于禁止结婚的三代以内旁系血亲，但日常互动常因性别差异呈现保护与被保护倾向。在当代中国，此类关系中的兄长可能被期待承担部分经济或情感支持责任，妹妹则可能面临更复杂家庭认同问题。随着核心家庭独立性增强，双方实际互动频率通常低于同母兄弟姐妹，关系性质易受父亲在世时的家庭协调机制影响。
133,同父异母姐同父异母弟之间,同父异母姐同父异母弟之间,同父异母姐弟关系存在传统长姐如母角色期待与现代平等关系的张力。姐姐可能因年龄优势被赋予照顾责任，弟弟则可能获得更多家庭关注。在再婚家庭增多的背景下，此类关系常成为家庭融合度的重要指标。当代法律保障双方平等继承权，但实际财产分配可能引发矛盾。社会文化逐渐转向鼓励建立基于个人情感而非单纯血缘义务的关系模式，双方往往需主动构建信任以克服成长环境差异。
134,同母异父兄同母异父弟之间,同母异父兄同母异父弟之间,同母异父兄弟关系以共同母亲为情感联结核心，具有鲜明的母系纽带特征。在当代中国，此类兄弟通常在同一母亲抚养下成长，共享童年经历，情感基础可能较同父异母兄弟更紧密。法律上不属于直系血亲但属于拟制旁系血亲，实际关系中母亲往往扮演关键协调角色。随着再婚家庭普遍化，社会对此类关系的接受度提高，但传统父系观念仍可能使双方在家族认同、姓氏传承等方面面临微妙处境。经济互助常见于母亲主导的家庭框架内。
135,同母异父姐同母异父妹之间,同母异父姐同母异父妹之间,在当代中国社会文化背景下，同母异父的姐妹关系属于半血缘亲属关系。双方因共同的母亲而产生法律与伦理上的姐妹身份，通常共享部分成长环境与家庭记忆。这种关系的特点包括：1) 在家庭结构中可能面临复杂的亲属网络整合；2) 社会认知上普遍被认可为姐妹关系，但传统宗族观念影响下可能受到部分差异对待；3) 情感联结程度受母亲角色协调、共同生活经历等因素影响较大；4) 法律上互有继承权（对母亲遗产），但实践中可能涉及更多家庭协商。
136,同母异父兄同母异父妹之间,同母异父兄同母异父妹之间,这是基于共同母亲形成的异父兄妹关系。其特点包括：1) 具有中国传统家庭伦理中的'兄妹'身份认同，但血缘关联度介于全血缘与无血缘之间；2) 在当代城市家庭中逐渐被普遍接纳为正常亲属关系，但在部分传统观念较强的环境中可能面临身份解释需求；3) 关系动态常受母亲家庭地位、继父家庭融合程度影响；4) 法律上属于二代旁系血亲，婚姻法禁止结婚。
137,同母异父姐同母异父弟之间,同母异父姐同母异父弟之间,属于半血缘姐弟关系。其社会文化特征表现为：1) 在家庭系统中通常被纳入'姐弟'角色规范，期待互相关照；2) 可能面临不同父系家族文化在节日仪式、亲属往来等方面的协调需求；3) 当代法律明确保障其平等亲属权利，但实际家庭资源分配可能受多因素影响；4) 随着再婚家庭常态化，社会对此类关系的接受度显著提高。
138,异父异母兄异父异母弟之间,异父异母兄异父异母弟之间,这是通过父母再婚形成的拟制兄弟关系，无血缘关联。其特点包括：1) 属于法律定义的继兄弟关系，基础是父母婚姻联结；2) 关系性质高度依赖家庭整合程度，可能从亲密兄弟到形式关系呈现光谱式差异；3) 当代社会更强调情感认同而非形式称谓，常见'重组家庭兄弟'的表述；4) 法律上无强制权利义务（如继承），但符合条件可形成扶养关系；5) 社会认知中逐渐脱离'非正统亲属'标签，转向关注具体家庭情感质量。
139,异父异母姐异父异母妹之间,异父异母姐异父异母妹之间,基于父母再婚组成的继姐妹关系。在当代中国呈现以下特征：1) 家庭整合过程中常成为重组家庭关系的'温度计'，互动模式影响整体家庭氛围；2) 社会文化叙事从早期强调'隔阂'转向多元描绘，媒体呈现更趋客观；3) 法律地位与继兄弟类似，但传统文化中女性亲属关系更被期待情感联结；4) 在独生子女政策影响下，此类关系为部分独生子女提供了类似姐妹的成长体验；5) 成年后关系维持更多取决于个人情感而非家庭义务约束。
140,异父异母兄异父异母妹之间,异父异母兄异父异母妹之间,在当代中国社会文化背景下，异父异母兄异父异妹之间通常指因父母再婚而形成的拟制血缘关系，属于重组家庭中的继亲关系。其特点包括：1. 法律上无直接血缘关系，但通过父母婚姻形成家庭联结；2. 社会期待上可能被赋予类似亲兄妹的情感责任，但实际亲密度取决于家庭融合程度；3. 在家庭伦理中常被倡导‘和睦相处’，但与传统血缘兄妹相比边界感更明显；4. 随着家庭结构多元化，这种关系逐渐被社会接纳，但仍存在情感建构过程。
141,异父异母姐异父异母弟之间,异父异母姐异父异母弟之间,在当代中国语境下，异父异母姐异父异母弟关系同样属于重组家庭衍生的继亲关系。其内涵特征表现为：1. 以父母婚姻为纽带形成的拟制姐弟关系，具有法定家庭身份但无生物学关联；2. 社会文化中常被期待遵循‘长幼有序’的传统家庭伦理，姐姐可能被赋予照顾引导的角色期待；3. 实际互动中往往经历从陌生到熟悉的动态调整过程，情感基础更多依赖后天培养；4. 在继承权等法律权益上与传统血缘关系存在差异，但日常交往中逐渐形成具有现代家庭特色的相处模式。
