关系,互动强度,交配,亲密性,代沟评估,依恋,信任评估,信息传递,共有式分享,关系效价,具体性,冲突,可见性,同步性,品德评估,商品交换,对相关人员的重要性,对社会的重要性,平等性,强迫,持久性,服务交换,期待互惠性,正式性,爱的表达,独特性,理性,社会情感性,积极性,空间距离,职业性,联盟/联合组织,谈判,金钱交换
三从兄-三从弟,0.6619046196922278,-0.6865199814002363,0.03565837838700707,-1.3622765587602992,-2.3742836439378188,-2.3300529150405525,-3.7061917303689516,0.32716676202723577,0.13902981097112949,1.6290433017478483,1.819495827130087,0.24663912429037646,-0.8749174800467404,-0.22170679955697323,-1.8564441301494892,-3.1509480887522825,-1.944611431678003,0.8558539604203215,-1.0287734573883445,0.6885763965374059,-1.3651913613137021,1.0008842003597895,1.2811681954866465,0.7144260377082188,1.1461777043080237,2.4835442299185555,-0.3073523415694476,1.1513156565307678,-1.6456991361686761,-0.5282418165732189,2.421540085176578,2.196340236623134,-1.6400640549666492
义母-义女,0.9632566470663249,-0.6865199814002363,-0.43701128033973746,0.5678894595748473,1.2203611153690495,0.18548248852332297,1.3184401400559143,-0.5656131848915942,0.7835895898717803,-0.12498576366566891,-0.7834183495301318,-0.7555945896650346,-0.10066754423473064,-0.31905886600133965,-0.010805370082576413,-0.09440265106200689,-1.1112394048623557,-1.0696062884521351,-0.5296723905257457,-0.037373761104824495,0.2931048304287509,-0.3397742652626879,-1.4853846432688391,0.07044374403940616,0.26470505263906646,-0.6323399173240325,0.4581611708008677,0.5144506833265751,0.9845478995715943,1.0175375339015498,1.458905577951076,-0.4659908938865169,0.593921283635578
义母-义子,0.6468370183235229,-0.4918691640258429,-0.6142624023622667,0.589495795600987,-0.09827741442693723,0.22935810602734405,0.062282172449697616,-0.29342417668463394,0.21340209315197378,-0.023007329629999445,-0.20446133597151694,-0.8658402982001299,0.8545212352724768,-0.5137629988900725,-0.3668932830302687,-0.20595540426238224,-1.0011714013206665,-1.315483406563546,0.09420394305250289,-0.1761583500658395,0.2797314740437311,-0.5632173428664341,-0.4793654291759353,-1.0514941582117276,1.321572772752357,0.45376827114338386,-0.6026218391979976,-0.24488832318611567,0.6557670201040604,1.2571333332251389,0.4232139875879251,1.5841984073453677,0.4991763697216441
义父-义女,-1.7489115993005484,1.9899287574976732,-0.5551786950214236,0.16457118708690616,-1.0195180311337226,-1.5110413882988254,-0.2161764903201533,-1.5672687350932086,0.287774375332818,2.240913905961866,1.30274080676372,0.4270411928023505,0.7409084729522363,-3.239620859332333,0.9721978825617578,-2.3477682657095826,-1.7559234256065357,-0.6817437922763885,0.6727074523705152,-1.8736006304351729,0.8815325113696213,-1.0101034980739265,1.2811681954866465,-1.8816275836441811,0.49856514389817735,0.2401076439038921,-0.6354295611567254,-1.6410923029029993,0.23304874650294555,3.2743753855947118,0.7713095013614324,2.079741792951179,1.5912361669401436
义父-义子,-0.6037738952789797,-1.17314702483622,0.6855791591362809,0.250996531191465,0.7687725777676843,-1.9790479750083836,1.1946807343804247,0.4578174859665768,-0.9021821395606904,-1.0020002963724277,1.819495827130087,-2.2789898348772595,0.43794110676492815,0.07034939977612607,0.37035915645298184,0.9318826783814429,0.5555046487689388,-0.9726406644081984,1.9658329437872486,0.17614099114289009,1.951401022171204,1.3919095861663455,-0.932074075517742,1.0162927378654747,-1.6601433908013103,2.4301290731086826,-2.669508322597848,-2.596389762709288,1.642109658506662,0.028238749597697784,0.358751855407646,2.1380410147871567,2.3691417759177047
亲家-亲家,0.5413638087425889,-1.17314702483622,-0.23021830464678675,-1.2038300945686082,-0.12537272668301916,0.18548248852332297,0.8234025173539568,0.1311906761182243,0.4365189396945066,0.2829279724770094,-0.30494147882053274,-0.20436604698955854,1.7003051325453786,0.021673366553942863,1.0624736914780741,1.3000067639426804,1.2159126700190743,1.5415394447310165,-0.38221071167997783,0.6565491837002486,-0.42905641436231734,-1.0101034980739265,0.3254499420983878,-0.4628540929050788,0.2826942904282286,-0.561119708244202,-0.5041986733218143,0.15927598673192958,0.961063551038199,0.3064790326831561,-0.07959064341825203,0.12671786144592373,0.1850221814807059
从祖姑-从侄孙,0.45095820053035984,0.7733611489077141,0.5969535981250162,0.5966979076097002,-0.26084928796342877,0.5072370168861442,-0.4760712422386808,-0.03212272880595194,-0.1584593177522476,-1.2161550078473338,-0.5633189890037162,0.3969741813836881,-0.6476919554062593,-0.9518472978897214,-0.2314795696557941,-0.44021618598316975,0.13095663510813738,-0.8271922283422934,-0.28012185709444626,-0.4644032656002546,-1.124470946383346,-0.8983819592720534,0.4763528242123234,-0.2817340728107253,0.4445974305306902,-0.7747803354836936,0.15195576585274143,-2.8903274426496846,0.3974391862367125,0.49197255474012835,-0.3116543192672569,-0.7186208551757538,-1.011755678484773
从祖母-从孙女,-1.2667483555019932,3.6931234095236154,-0.20067645097636522,1.2881006604461704,-1.0737086556458864,0.30248413520071255,-3.4834248001530708,1.1110711056632818,0.7340080684178837,-2.042180323536258,-0.7642792747017478,0.7277113069889738,-1.8343141396398828,1.7253345293303555,1.2731172456161457,0.8649510264612179,1.2630846715369413,-2.0946714569166085,-0.6204180390462183,1.5853383559778085,2.9677761074327074,-1.9597365778898481,-1.4853846432688391,1.4992794581170839,1.0382422775730493,-1.0952712763429313,1.3986492002843973,0.3429870366946774,-1.035106074300399,-0.8992288606871633,-1.7556060801055091,-0.9518177425196648,-0.32360840900462257
从祖父-从孙女,0.7221750251670472,0.5624894300854545,1.4930564927944698,1.0000161800976413,0.8952173682960664,1.0824951130499758,-0.11716896577976169,1.5465735187944187,1.2794048044107413,2.3224966531904014,0.4414824394864417,1.4894089295950865,1.3300116849831134,1.3034755747381013,0.2700527021015193,1.1326776341421179,1.5618406811500976,0.842001728414045,0.8541987494114601,1.0515514753585216,1.701765036317501,1.0195044568267682,1.415304090699034,-0.5936629963065562,-0.9405738792348143,-0.009163087875514805,1.1143156099754234,1.4452533364711644,0.37395483770331717,-0.6828197516206959,-0.689832161391561,0.4473635815438014,-1.4605473759718275
从祖父-从孙子,1.5056902963396994,-0.1998929379642528,1.7490858912714562,1.144058420271906,0.6062007042311928,0.7119898985715759,-0.36468777713074046,0.9150950197542703,-0.6046930108373133,-1.0020002963724277,-0.36235870330568465,0.7277113069889738,1.5488214494517247,-0.22170679955697323,1.513852736059656,-0.005160448501707199,0.08378463359027055,1.1467508325521314,-0.21206262070409188,0.7526308222117203,-1.0977242336133064,-1.4011288838804825,1.9853816453516793,1.4992794581170839,-2.469659091313618,-0.7213651786738208,1.2674183124494862,-0.5388260031265122,-1.6456991361686761,0.1209855106261839,1.6995642047574517,-0.5437231896678205,1.4117194879453216
伯母-侄女,-0.5435034898041604,-1.0028275596336256,-1.5005180124749127,0.3518260993134502,-0.5859930350364119,1.7357543069987345,0.7120190522460164,0.751781614830094,0.5852635040561952,-0.4513167525798118,-0.9652395603997794,-0.23443305840822087,-0.5467028333438233,1.2385741971085233,-1.1041457225135192,0.9653485043415554,-2.4163314468566712,-0.39084692014457845,-1.3010104029497622,0.6245219708630914,-0.21508271220200084,-1.2056161909772045,-1.9129428092583234,0.38237266753523746,-0.041111989776694564,-1.762960736466343,1.0049565367796638,0.96760460656802,-1.7396365303022572,-0.9919756217156495,-2.0908091674429605,-1.359912295371509,-0.5928834274968553
伯母-侄子,-2.110534032149465,0.9436806141103083,-1.9731876712016574,0.48146411547028845,-1.6698055252796888,-1.862046328330994,-1.9611841103445524,-2.38383575971409,-1.0509267039223789,-0.05360085984070033,0.4414824394864417,1.1787164782689088,-0.8244229190155224,0.021673366553942863,0.06943979339859385,-1.1095327051854198,-1.4964774172582682,-0.8895272723705384,-0.38221071167997783,0.11208656546857564,0.18611797934859264,-0.3397742652626879,-1.3596322415072262,-0.5836007729679811,-2.0379173843737206,-0.40087423781458315,-0.17612145373453644,-0.5020837931339627,-1.12904346843398,-0.3891216750304897,0.8228792071056557,-0.22307746956994284,1.082605576454815
伯父-侄女婿,0.5714990114799987,0.7733611489077141,-1.234641329441119,0.1501669630694797,-2.4555695807060647,-1.9205471516696888,-1.144372032886323,0.0658653141485538,0.47370508078492873,0.5888632745840182,0.09697909257553043,-0.8658402982001299,-1.5565940539681837,0.1677014662204925,0.21989947492578785,-1.5445884426668823,-1.8030954271244026,-1.5752127566812333,-0.007884911533028702,-2.033736694620959,0.18611797934859264,0.9170930462583847,1.683575881123808,0.11069263739370722,-2.6855299447835668,1.3885335153161602,0.053532599976558064,0.08579156674683044,-1.1760121655007707,0.16735889114042696,2.0605521449670148,-0.7186208551757538,-0.6826417669942663
伯父-侄媳,-0.2019711921135172,-0.783845390087433,0.1735203621823077,0.7119316997491119,0.15461216662982727,-0.029020530385224383,0.20460548897651065,0.34894188268379234,-0.009714753390559062,1.1599425051837682,0.5945950381135133,0.14641575289483508,-0.9590750817654372,0.03789871096133773,0.6311559377667849,-0.5629242145035824,0.06806063308431483,-0.6401870962575584,0.3777840946789796,0.17614099114289009,-1.0263996662265344,0.03263086407688904,-0.16079267804651562,0.25156376413375964,0.5165543816873395,-0.06257824468538774,0.04259669265698183,0.44096626334147593,0.5305171612592857,-0.5900729905922096,-0.3288442211819981,0.05870210263728293,-1.2411381016448229
伯父-侄子,0.5413638087425889,-0.4188751075104454,0.0652002320574286,0.4526556674354355,0.172675708133882,0.47798660521679687,0.08084608330102101,-1.1753165632751856,0.548077362965773,1.0477662277445314,0.15439631706068233,0.7577783184076362,1.3720904858424616,-0.6597910985566222,0.5509107742856146,0.5637585928202054,0.3432306419385381,-0.5570737042198984,0.5025593613946292,0.14411377830573285,0.4535851070489883,1.336048816765409,-0.051807263186451145,0.020132627346530478,0.03983958027453622,0.6140137415730027,-2.210200215175659,-0.6857948430967105,-0.025279087364402417,2.115040872738635,1.4417156760363352,0.8554581343956457,0.9030888974599932
兄妹,0.8879186402228005,0.6395387119628188,1.0253104763461285,-0.9157456142200788,0.877153826792012,0.8728671627529866,0.6377634088407228,0.08219665464097144,-0.2886108115687251,-0.940813235951026,-0.5489646828824283,0.6976442955703115,0.5389302288273642,-0.12435473311260678,-0.7129505505428149,0.3127648981193616,1.0036386631886738,0.035109214048429024,-0.34818109348480064,0.24019541681720458,-0.28194949412709974,-0.40960022701385856,0.24999850104142002,0.9710127328418863,0.1612669353513824,-0.36081287020717845,0.365205958584472,0.5266980866574252,0.315243966369829,-0.45868174580185433,0.48767611976820424,0.2287414996588848,-0.5330445344985814
兄弟,1.276662755535386,-0.9492985848556675,0.3428936565593912,-1.3449914899393876,0.3677619563776719,0.9810936859295716,0.7491468739486632,-0.2476964233058644,-0.7980609445075085,0.5521510383311771,1.027138129234991,0.018129837508542898,1.6296127471016733,0.7712842781755647,-0.556472481754533,0.7177013922367227,1.159306268197634,0.5649570882885115,-0.23928631526023353,0.30424984249151904,-0.28462416540410357,0.17414481322592862,0.2349082128300266,0.4367086735635438,0.7684037107356133,0.16532642437007006,0.5850176957079478,1.0925281205426889,1.247572603145621,-1.1960184959783189,-0.7551537886675773,-0.07732941497999844,-0.6826417669942663
公公-儿媳,0.7342291062620112,-0.23882310143913152,-1.3232668904523834,0.7004083205351705,-0.7377267836704704,0.2790838058652343,-0.17162310427697705,-0.7441691742753602,0.6150124169285333,0.6745251591739806,1.4060918108369933,0.7637917206913682,-0.0872023279597392,0.5960505585757053,0.2138810876647,0.9586553391495333,0.07435023328669706,-0.6983664706839203,1.353299816274059,0.09927568033371255,1.9941957626032671,1.4142538939267204,1.2308672347820013,-1.30204351934225,-1.876014244271259,-0.005602077421523478,-0.4254601406208674,0.0637462407513009,0.29880492239645223,0.5847193157686145,-0.8273513767094899,0.9487368893332102,0.35855497117570023
养母-养女,1.0355811336361083,-0.5307993275007217,0.35471039802755955,0.38927708175875897,0.31357133186550806,0.056780677178194315,0.03629269725784529,0.9673553093300065,0.287774375332818,-0.3534174559055689,0.25774732113395576,-1.9662929161231717,0.21576503822756893,-0.28011803942359254,-0.4240679620106026,-0.31304604733474234,-0.8219177955527727,-0.3659129025332804,0.46852974319945206,-0.643755657488335,-0.28462416540410357,-0.0939868798985671,0.7882187805811237,0.6178286936578973,0.07761697963177741,-0.026968140145472577,0.45378680787303666,0.4017745726827565,0.5054671894903305,0.45487385032873406,0.8022513248079663,-0.27554676922232274,-0.12015617281049128
养母-养子,-0.7042245710703453,-0.053904824933457766,-0.6536515405894953,-0.11391047725000546,-0.4595482445080294,-0.8870326060194147,-0.6122065884817192,-0.8704648740833901,-2.166510936635043,0.3645107197055452,2.60419789509383,-2.1787664634817188,-0.08383602389099153,-0.9031712646675383,0.5910333560261996,-0.4513714613032071,0.508332647251072,-1.2219808405211785,3.395076907984691,-1.4465711259397434,-0.7232702548327525,0.5912385580862546,-0.32846254706199973,-1.237645289975369,0.04883419916911729,0.5605985847631297,-1.0728658539397624,-1.1511961696690052,-0.6123878006992842,-0.5282418165732189,-0.7242119652210433,0.8554581343956457,0.9330083439591301
养父-养女,-0.6941795034912088,0.89501790976671,-0.14159274363552213,0.6039000196184134,-0.26084928796342877,-0.5165273915410143,0.19222954840896136,-1.2243105847524385,-0.4001692348399915,-1.1243744172152312,0.2548764599096981,-0.3697346097922014,-0.6603155956640638,0.09468741638721768,0.44558899721657885,-0.2728870561826072,0.307851640800138,-1.3050942325588384,0.7577814978584582,-1.777518991923701,-0.49592319628741627,0.0791815052443363,0.5643795054454525,-1.383547528384709,0.48507321555630556,0.22675385470142387,-2.095373188320112,-0.42859937314886354,0.5853139745038746,1.1411998819395313,-0.4276861571917593,0.8263085234776568,0.8282902812121508
养父-养子,1.2043382689656024,3.4498098878056234,0.8923721348292316,1.2881006604461704,1.0668210125845854,0.945993191926355,1.3803198428936585,0.6864562528604236,-0.009714753390559062,-1.5220903099543426,-0.24752425433538086,0.15643809003438947,-0.6476919554062593,0.8491659313310576,-1.1643295951243968,0.9988143303016679,0.1545426358670708,-1.1596457964929334,-0.0419145297282059,1.393175078954865,0.15937126657855308,-1.6245719614842287,0.17454705998445222,0.9257327278182979,1.0922099909405365,-0.507704551434329,0.7424947611098416,1.408511126478615,1.0784852937051752,-0.48186843605897584,-1.7813909329776207,-1.126715408027598,-1.1314334644813209
再从兄-再从弟,-0.8749907199156671,-1.1488156726644205,-1.175557622100276,-1.3046596626905933,-0.3150399124755926,-0.4872769798716669,0.22935737011160817,-1.371292649184197,-1.088112845012801,1.934978603854857,1.6185355414320552,-2.218855812039935,-0.6476919554062593,-0.027002666668240353,0.49072690167473704,-1.0760668792253074,0.3432306419385381,-0.5362953562104834,2.6804549258859702,0.016004926957103927,0.4268383942789487,1.447770355567282,0.7278576277355494,-0.8250941330937858,0.6334844273168954,0.8276743688124945,-1.5868534979598312,-0.7960214730743592,-1.6222147876352808,2.578774677881066,-0.2600846135230336,2.4295371239670454,0.5739749859694865
叔-嫂,-0.8046752468617112,0.23807140112813233,-1.8156311182927425,-1.419893454830005,-0.29697637097153784,0.341484684093176,0.37786865692219535,-0.3696370989825827,0.9819156756873643,0.22174091205560761,-0.36235870330568465,-0.8357732867814676,0.7577399932959757,0.6220111096275364,0.791646264729125,-0.6967875183440324,-0.9225513987908885,0.6619227123324479,-0.9834006331281082,0.6245219708630914,1.3451421993836408,0.06987137701084702,-0.17755966494806413,0.15094153074800828,0.012855723590792626,-0.044773192415430346,0.7643665757489931,0.6859143299584738,-0.39320054772092844,-1.2083847307821172,-0.2257048096935515,-0.36882552415988723,0.8133305579625822
叔母-侄女,0.029065362206624017,-0.16339590970655404,0.05042930522221784,1.0216225161237809,0.14558039587780008,0.09773125351528082,-0.04910129265824274,-0.5710569650557336,0.3621466575136623,0.894798576691027,-0.20446133597151694,1.1486494668502465,-0.2942300281877332,0.6301237818312331,-0.2013876333503553,0.4298952889797554,0.31964464117960467,-0.016836655975108476,-0.84161055731487,0.38431787458441213,0.025637702728355246,0.27469419814761425,0.24999850104142002,0.035225962354393264,0.6065005706331518,0.6941364767878121,0.4308214025019276,0.3429870366946774,-0.40102866389872677,-0.574615197087462,0.7455246484893207,-0.19392785865195394,0.7086124952156029
叔母-侄子,-1.809182004775368,-1.17314702483622,0.5083280371137516,0.3086134272611708,0.28105695715820966,0.1269816651846282,0.08084608330102101,-1.2406419252448562,1.2546140436837936,0.5888632745840182,0.15439631706068233,-0.23443305840822087,1.4478323273892886,0.2650535326648589,0.9721978825617578,0.19563450725896783,0.7441926548404062,-0.5155170082010685,-0.0759441479233831,0.30424984249151904,1.3094799156902543,0.4981372757513605,0.7781585884401946,-0.25154740279499976,-0.9585631170239768,1.3618259369112238,0.020724878017830278,-0.17140390320101653,0.9375792025048036,3.2743753855947118,0.1009033266865295,1.6716472400993343,1.2920417019487738
叔父-侄女,1.0235270525411442,0.6030416837051199,-0.14159274363552213,0.7119316997491119,0.877153826792012,0.565737840224839,0.8234025173539568,0.7191189338452588,1.1802417615029495,-1.399716189111539,-0.8791137236720515,-0.4749691497575196,1.6750578520297696,0.7031378316645079,0.641186583201931,0.6306902447404303,0.6970206533225394,-0.9310839683893685,-0.5183291844606867,0.8166852478860348,-1.6326584890140978,-1.456989653281419,-1.183578879040968,1.0766660778969257,0.8223714241031005,-0.961733384318249,0.8737256489447527,0.37972924668722696,0.23304874650294555,-0.15725477245927444,0.358751855407646,-0.6311720224217872,-1.011755678484773
叔父-侄子,0.7824454306418666,-1.17314702483622,1.0991651105221822,0.8559739399233766,1.4190600719136504,-0.04852080483145611,0.8976581607592503,0.5884682099059177,-0.3815761642947805,-2.1033673839576594,-1.568120417493874,0.5473092384769999,-2.086786944795973,0.4597576655535918,-2.6388344740908978,0.6641560707005429,-1.3313754119457344,0.7311838723638315,-1.437128875730471,-0.14413113722868223,-2.1675927444148892,1.3919095861663455,1.432071077600582,0.4729326775824142,1.254113131042998,2.109638132249445,0.3488020976051081,0.19601819672447915,-1.6926678332354665,-1.362962665829594,-0.2085149077788103,-1.5348099608794423,-1.879419626959745
同母异父兄-同母异父妹,-0.6339090980163895,-0.9784962074618264,-0.08250903629467907,-1.3190638867080198,0.6603913287433566,-0.019270393162108726,-0.06766520350956613,0.4251548049817415,-1.348415832645756,1.3537015298515402,2.1352905617984224,-1.046242366712104,-0.5971973943750413,-1.6333117630002865,-0.3217553785721105,-0.005160448501707199,0.06019863283133714,0.9597457004673965,2.510306834910084,-2.065763907458116,-1.2849512230035833,0.4702068910508922,0.24999850104142002,-0.7949074630780602,0.255710433744485,0.9345046824322403,-0.34016006352817535,-0.649052633104161,-0.8472312860332369,-1.0383490022298925,1.0033731772104373,1.78824568377129,0.4243777534738017
同母异父兄-同母异父弟,-0.9955315308653059,0.43272221850252574,-1.3232668904523834,-1.3478723347428727,0.4436288306947012,-0.7212802732264461,0.26648519181425495,-0.09744809077562243,-2.4268139242679982,-0.05360085984070033,2.0778733373132705,-0.14423202415223388,1.2206068027488075,-1.8766919291112025,-0.020836015517722534,-0.33981870810283227,-0.4822793846241314,-0.5362953562104834,1.8977737073968943,-0.8807570324832986,1.4967069050805313,0.6377891992537019,1.256017715134324,-1.730694233565553,0.1747588636932542,1.7624396129852709,-2.04616160538202,-2.44942092273909,1.1019696422385705,1.3730667845107465,0.9260186185941023,2.05059218203319,0.7534916649643083
同母异父姐-同母异父妹,-0.5435034898041604,-0.24855564230785115,-0.23021830464678675,-1.2326385426034612,-0.7214695963168214,-1.3940397416214358,-1.0329885677783825,-1.5672687350932086,-2.5383723475392643,0.16055385163420585,2.307542235253878,-0.7155052411068182,0.03398461851518398,-2.0227200287777523,-0.682858614237376,-1.0426010532651948,-0.458693383865198,0.4195086522226065,0.8428555433464012,-1.777518991923701,-0.5627899782125152,0.0791815052443363,-1.057826477279355,-1.1873341732824927,-0.877611546972746,-0.05367571855040904,-0.8978913368265478,-1.6043500929104497,-0.4479973609655173,-0.2963749140020036,0.358751855407646,1.8756945165252568,-0.5928834274968553
同母异父姐-同母异父弟,0.30028218684331137,0.43272221850252574,-0.36315664616368365,-1.290255438673167,-0.2066586634512649,0.18548248852332297,0.17366563755763798,-0.22809881471496343,-1.850428737366455,0.12996032142350497,0.4558367456077297,-1.2567114466427403,-0.7991756384999134,-0.976185314500813,-0.11111182443403893,-0.8418060975045198,-0.8006903948697325,0.6065137843073415,0.4345001250042748,0.08005935263141839,-0.13484257389188214,0.6936499686546385,-0.16498442477190284,-1.021307488196002,0.06682343695827982,-0.24062876738496433,-0.20892917569326422,-0.8327636830669087,0.05691613250248103,0.607906006025736,0.17825788530286443,0.1558674723639126,-0.05433339051238986
同父异母兄-同父异母妹,-0.9453061929696229,-0.783845390087433,-1.0081537846345536,-1.285454030667358,-0.9653274066215588,-1.3160386438365095,-1.3052592602644588,-1.3495175285276402,-2.687116911900953,-0.3493383185441423,2.393668071981606,-2.0584984178070695,0.18546830160883804,-1.974043995555569,1.3132398273567312,-1.7007622971474077,-0.6395193896836876,-0.5986304002387285,2.5556796591703197,-0.8487298196461414,1.3094799156902543,-0.41425529113060344,-0.026656782834128548,-1.0162763765267142,-0.2389936054574808,0.346937957523638,-1.7290202931143182,-1.3716494296243027,0.15476758472496144,-0.8992288606871633,-0.689832161391561,0.9720565780676013,1.2521491066165913
同父异母兄-同父异母弟,-0.0010698405307856878,-0.5405318683694412,0.006116524716585537,-1.1174047504640494,0.09138977136563624,0.03923043017658605,1.120425090975131,-0.29342417668463394,0.808380350598728,-0.39012969215841004,-0.7642792747017478,-1.046242366712104,1.0943704001707624,0.5571097319979582,1.092565627783513,0.09523702937863031,0.36681664269747155,1.3545343126462814,-0.45026994807033227,-0.33629441425162565,0.18611797934859264,-0.39563503466362443,-0.2530111060050319,-0.3119207428264509,-0.17603127319541254,0.1599849086890827,-0.34016006352817535,-0.061177273223367835,1.829984446773824,1.2339466429680173,-0.05380579054614039,-0.36882552415988723,-0.2637695160063486
同父异母姐-同父异母妹,0.09938083526057985,1.0815582764171705,0.40985519154568,-1.1702202385279465,-0.4956753275161389,-0.8480320571269512,-0.438943420536034,-0.6962639088309351,-0.7286468144720536,-0.3493383185441423,1.0539328339947283,-0.8357732867814676,0.2022998219525775,-3.0449167264435997,0.7114011012479547,-0.4290609106631324,-0.7653113937313324,1.2021597605772378,0.46852974319945206,-1.3398137498158855,0.15045569565520667,0.46089676281740294,-0.2110936387511608,-0.35216963618075153,0.21073733927157925,0.41815816660346866,-0.3073523415694476,-1.1022065563456054,1.1724226878387565,-0.002676837411797642,-0.9133008862831954,1.6910803140446604,0.7534916649643083
堂伯-堂侄,0.05920056494403372,-0.637857277056638,0.6264954517954378,0.22218808315661204,0.06429445910955431,-0.04852080483145611,-0.29043213372544685,-0.5220629435784807,0.21340209315197378,0.7112373954268217,-0.7642792747017478,0.30677314712770115,0.9933812781083264,-0.9031712646675383,-0.5925828053210597,-0.0720921004219322,1.027224663947607,0.2740602161567015,-0.756536511826927,0.04803213979426116,0.07913112826843438,0.3305549675485508,-0.07695774353877374,-0.5534141029522556,1.0922099909405365,-0.8816106491034396,-0.5698141172392699,0.7104091366201731,-0.9881373772336085,-0.4354950555447328,1.390145970292112,-0.7186208551757538,0.3346194139763908
堂兄妹,1.867312729188616,0.2624027532999315,1.5127510619080837,-0.9013413902026524,0.172675708133882,1.1507460736117867,0.3407408352195485,1.0784084246784464,0.5108912218753509,-1.4914967797436418,-0.07527258087992521,-0.3547011040828702,1.5993160104829427,0.8491659313310576,0.24999141123122665,1.199609286062343,1.475358678367342,1.6454311847780914,-0.756536511826927,1.0408757377461355,-1.1512176591533856,-0.3118438805622196,-1.7117389664397427,0.38237266753523746,0.012855723590792626,-1.25551674677255,1.0705719806971195,1.0778312365456688,0.538345277437084,-0.06450801143078833,2.13790670358335,-0.8060696879297204,-0.892077892488225
堂兄弟,0.5112286060051793,-0.3215496988232487,0.5969535981250162,-1.2614469906383141,-0.45051647375600223,-0.2825240981862352,0.5263799437327825,-0.4567375816088102,-0.7162514341085797,-0.11478792026210209,0.6711513374270492,0.3669071699650258,-0.5719501138594323,-0.2703828327791564,0.18980753862034905,0.06177120341851781,-0.19924737551693042,0.8766323084297365,0.06017432485732569,-1.0408930966690848,-1.2047110846934648,1.028814585060258,0.9290614705541301,-0.5836007729679811,-0.25698284324664333,-0.05367571855040904,-0.9306990587852755,-0.24488832318611567,-1.3169182567011424,0.39922579371164224,1.7253490576295634,0.768009301641679,0.3046999674772538
堂姐夫-堂内弟,-0.7243147062286186,-0.8081767422592322,-0.8801390853960606,-0.4548104456624319,-1.0195180311337226,-0.3117745098555826,-1.0329885677783825,-0.7833643914571626,-0.8649959984702682,0.894798576691027,-0.33365009106310867,0.33684015854636346,-1.1526375657184396,0.021673366553942863,-0.5624908690156208,0.22910033321908033,0.36681664269747155,-0.30773352810691845,-1.2669807847545849,-0.4003488399259401,-1.445431499623821,0.19090304404620942,0.023644177870516647,-0.5534141029522556,0.7684037107356133,-0.8549030706985031,-0.3729677854869031,0.19601819672447915,-0.14270083003137876,-1.362962665829594,-0.8789210824537131,-1.0101169643556425,-0.6527223204951292
堂姐妹,0.4057553964242453,-0.7351826857438346,0.40493154926727626,-0.6708738059238288,-0.04408678991477338,0.30248413520071255,1.2503724669343947,-0.37508087914672206,0.7154149978726726,0.6347535699000695,-0.33365009106310867,-0.21939955269888972,-0.5088319125704097,1.0925460974419736,0.4756809335220176,0.46336111493986787,0.508332647251072,1.593485314754554,-1.0457882664859333,0.8326988543046134,-0.6029100473675745,0.03728592819363388,-0.7937464335799678,0.3219993275037863,-0.06809584646043816,-0.7747803354836936,0.9557449538415722,0.8941201865829209,-0.1544430042980764,-0.9456022412014065,0.6423852370008741,-1.2578886571585481,-0.8322389994899511
堂姐弟,0.7523102279044569,-0.15123023362065446,0.006116524716585537,-1.0309794063594906,0.49781945520686505,0.21473290019267036,0.19222954840896136,0.621130890890753,0.287774375332818,-0.2677555713156065,0.5850255006993215,0.24663912429037646,1.0943704001707624,-1.0005233311119046,0.7615543284236862,0.26256615917919285,0.90929466015294,1.0428590925050565,1.1831517252981731,-0.3042672014144684,0.9885193624497796,1.336048816765409,0.12424609927980704,0.11069263739370722,0.2826942904282286,0.5338910063581932,0.15195576585274143,0.012307146761731301,1.0550009451717801,0.49197255474012835,1.312791411675777,1.7007968510173233,1.082605576454815
堂祖母-堂侄孙,0.5413638087425889,-1.17314702483622,0.803746573817967,1.2881006604461704,0.7145819532555204,0.1269816651846282,0.006590439895727437,0.3924921239969063,-0.009714753390559062,0.6806438652161209,-0.3910673155482606,0.21657211287171413,-0.9001647605623494,0.2650535326648589,-0.6226747416264985,-0.20595540426238224,0.29605864042067126,-0.6609654442669735,1.2171813434933503,-0.7526481811346697,1.7909207455509666,0.19090304404620942,-0.5296663898805805,0.35218599751951185,-0.6077729801353101,-1.0685636979379949,-0.241736897651992,-0.39185716315631397,0.6792513686374557,1.3730667845107465,-0.6210725537325966,0.7388596907236902,-0.23385006950721168
堂祖父-堂侄孙,1.5056902963396994,-0.3945437553386462,0.6855791591362809,0.3086134272611708,1.7983944434987973,1.8820063653454715,1.640214594812186,1.3723725535419637,-0.23283159993309188,3.0363456914400886,-0.649444825731444,1.3891855581995451,-1.2788739682964847,0.6544617984423247,2.1758753347793096,1.333472589902793,1.5932886821620091,1.3129776166274514,0.5365889795898064,0.7526308222117203,2.5933221286521535,1.7270742025719648,1.884779723942389,1.1974127579598282,1.254113131042998,-0.9884409627231854,0.7424947611098416,1.4452533364711644,1.923921840907405,0.21373227165467001,-1.549327257128616,0.21416669419989035,3.087208491896992
外曾祖母-外曾孙,0.7703913495469026,0.10181582896605691,1.240966008140206,0.8963057671721708,1.0397257003285034,1.7065038953293872,0.957062675483485,1.5291534222691734,1.0017482842689227,0.30740279664557,-0.9939481726423554,0.5833896521793943,0.084479179546402,0.9075771711976769,0.2138810876647,-0.12563742195811203,0.5460702484653653,-0.00021397756757653524,-0.5523588026558638,1.0216594100438412,-1.1084229187213221,0.2188334287466777,-0.10713831996156092,1.9460421743498229,0.8439585094500957,-1.0845882449809567,0.6637562284088947,1.0925281205426889,1.1536352090120399,-0.7693833952472828,-0.6107586125837521,-0.4387845903630605,-0.9459328961866715
外曾祖父-外曾孙,-0.44305281401279484,1.8114988415711455,0.2522986386367649,0.9423992840279354,-0.08021387292288248,0.5754879774479551,-0.7112141130221102,0.5449179685928038,-1.81944028645777,-0.9612089227581597,-0.5920276012462922,-0.2745224069664372,-0.08383602389099153,0.5246590431831699,-1.3348505675218834,0.4187400136597175,0.31964464117960467,-1.2219808405211785,-0.6431044511763364,-0.1868340876782255,-0.8124259640662178,-1.2521668321446515,-0.16079267804651562,-1.4992630967783236,-0.45486445892742955,-0.9172207536433549,-0.06676238053877684,-0.9552377163754072,0.5461733936148824,-0.25000153348776055,0.0493336209423062,-0.8546523727930353,-0.5230713856655357
外祖母-外孙女,0.8125806333792763,-1.1001529683208222,1.5127510619080837,1.172866868306759,1.7171085067305516,1.2969981319585238,0.78627469565131,1.2417218296026227,1.0314971971412608,-1.7362450214292489,-0.9078223359146275,-1.7377836293413376,0.9933812781083264,0.8491659313310576,0.8819220736454414,1.5008017197033554,1.6640466844388093,1.2506425725992065,-0.7905661300221042,0.8487124607231921,-0.3220695632821591,0.16297265934574115,-0.6302683112898709,1.4087194480699072,-1.3633209672801307,-1.1219788547478677,1.6611109759542195,1.224800076515867,0.1156270038359692,-1.1310957632583787,1.312791411675777,-0.8060696879297204,-1.011755678484773
外祖母-外孙子,0.029065362206624017,1.2599881923436977,1.0400814031813392,1.2881006604461704,1.3377741351454047,1.2677477202891763,-0.25330431202280007,1.143733786648117,0.4365189396945066,-0.7572520546868207,-0.9365309481572035,0.3969741813836881,0.9681339975927175,0.946517997775424,-0.2013876333503553,1.199609286062343,1.5932886821620091,-0.9518623163987834,0.026144706662148492,1.136957376257607,-1.258204510233544,-2.1273188860926577,0.048794658222839245,1.348346108038456,0.8493552807868441,-1.1219788547478677,0.7424947611098416,1.1513156565307678,0.3504704891699219,-0.8064820996586772,-0.10537549629036369,-0.9809673534376537,0.7534916649643083
外祖父-外孙女,-0.4832330843293409,-0.3945437553386462,0.03565837838700707,0.5390810115399943,0.2991204986622644,0.009980018507238661,-0.5131990639413276,0.15296579677478084,1.8743830618574957,-0.16577713727993704,-0.6303057509030602,0.12637107861572713,-0.47096099179699624,-0.351509554816128,-0.1311731153043316,0.7087771719806932,0.03661263207240373,-0.09995004801276847,-0.12131697218361943,0.1334380406933468,-0.4379719852856637,0.945023430958853,-0.29492857325890304,0.13081708407085732,0.7324252351572883,-0.3652641332746678,0.7862383903881456,-0.2693831298478156,-0.4558254771433156,0.27556344567366087,0.8056893051909144,-0.6020224115037983,0.1750490326476604
外祖父-外孙子,0.24001178136849194,-0.9298335031182281,-0.7619716707143743,1.0144204041150677,-0.5859930350364119,0.945993191926355,-1.4413946065074974,1.7316620443751516,1.6264754545880151,-0.2983491015263074,-1.3384515195532667,-0.11416501273357155,0.43794110676492815,0.6057857652201415,-0.14120376073947774,1.2330751120224555,-1.7559234256065357,-0.058393351993938476,-1.1648919301690535,0.6245219708630914,0.15937126657855308,-2.57420504130015,-2.1392971324292267,-1.5495742134711996,1.4430001278292033,-1.5493001092268512,1.300226034408214,1.3350267064935157,-0.9176843316334227,-1.0847223827441357,-0.4405785836278151,-1.389061906289498,0.5440555394703496
夫妻,1.2405005122504937,1.5519644184052879,1.3827669057582288,-1.1318089744814759,1.5057650711331123,1.0746950032714837,1.4322987932773643,-0.025590192608984794,0.40677002682216845,0.6133380987525788,0.5218665537656543,-1.9302125024207764,0.42784219455868444,0.3429351858203518,1.068492078739162,0.46336111493986787,0.659283052108246,1.6454311847780914,0.07378617213539652,0.2273845316823415,0.6782574943173207,1.470114663327657,-0.07695774353877374,1.0766660778969257,0.95189393618507,1.0627010587759353,0.427540630306055,0.4458652246738166,1.6327159190933036,0.5476206113572202,-0.09506155514151889,0.6922203132549082,0.3226516353767358
妹夫-妻姐,-3.496753358070311,-0.34588105099504785,-3.0957781106776756,-1.045383630376917,-2.1575211458891634,-3.3245669117983634,1.4174476645963054,-3.1350774223653004,-2.0177663722733548,2.485662147647473,-0.4771931522759884,-3.5418043144610776,-1.7838195786086648,-3.239620859332333,0.06943979339859385,-4.1549228675556575,-2.3691594453388043,1.9778847529287313,-0.756536511826927,-3.795233400664607,-0.4023097015922778,-2.0714581166917214,2.3374883702841958,-2.666481004053046,1.0382422775730493,2.75062001396792,0.6112638732749304,-2.596389762709288,-1.6456991361686761,3.4598689076516838,0.5134609726403159,1.3218519090834677,-0.6228028739959923
姐夫-妹夫,-1.6082806531926364,-0.8000662915352991,-1.9141039638608142,-1.525524430957799,-2.482664892962146,-0.39952574486362474,0.20460548897651065,-1.785019941658777,-0.9269729002876387,1.0171726975338307,0.07784001774714655,-0.775639263944143,-0.9254120410779585,0.1677014662204925,0.49072690167473704,-0.9645141260249325,-0.3250393795645752,0.9112628884454279,-0.9380278088678722,-0.8914327700956842,-0.3309851342055055,1.3919095861663455,1.2308672347820013,-2.0224987103842333,-0.6707353123973784,0.6318187938429605,-0.6135577465175734,0.24500781004787892,-0.8628875183888337,-0.9610600347061541,0.2899922477486815,0.0004028808013051709,0.2548342233120254
姐夫-妻弟,0.9933918498037345,-0.5405318683694412,-1.8254784028495497,-1.2182343185860347,-1.6698055252796888,-0.19477286317819303,0.19222954840896136,-0.3587495386543044,0.47370508078492873,-0.4513167525798118,-1.0513653971275072,1.0885154440129219,1.0943704001707624,0.6057857652201415,-1.2546054040407133,0.5302927668600929,-0.7417253929723989,0.045498388053136524,-0.34818109348480064,-0.784675393971827,-0.7767636803728317,-0.7307996510692438,1.2308672347820013,-0.52322743293653,0.7414198540518697,1.4686562505309697,0.6112638732749304,0.15927598673192958,0.7731887627710368,0.39922579371164224,-0.23429976065092192,-0.19392785865195394,-0.5928834274968553
姐妹,0.9029862415915054,-0.4821366231571233,1.300049715481049,-1.033860251162976,1.3323550726941886,1.0863951679392228,1.3431920211910118,0.4055571963908406,0.13902981097112949,-0.10866921421996183,0.16587976195771265,0.10231746948079692,0.3066552480837612,0.031408573198378954,0.11758689148729576,-0.326432377718787,0.48002944634035216,0.3156169121755315,-0.007884911533028702,0.17614099114289009,0.00424033251232367,-0.417979342423999,-0.7509906169810193,0.9559193978340235,-0.008731361756202174,-0.24062876738496433,0.36192518638859944,1.0631343525486487,1.3509037366925603,-0.5653405209846134,-0.4354216130533927,-0.05400972624560742,-0.5988673167966828
姐弟,0.7824454306418666,-0.5405318683694412,0.08292534425968136,-0.9013413902026524,0.15099945832901654,0.7704907219102707,0.2887618848358428,0.47088255836051107,-0.5600696415288071,-0.8918635876139045,0.9237871251617175,0.5112288247746054,0.42784219455868444,0.44028725226471827,-0.43610473653277787,0.8649510264612179,0.9140118603047265,0.5483344098809793,0.07378617213539652,0.6117110857282283,-0.4344057569163253,-0.518528727345685,0.09406552285701984,-0.10665138671951704,-0.8722147756359973,-0.06970026559337077,-0.34672160791992057,0.10783689274235997,1.3321162578658445,-0.2314521812820634,0.8641349717010341,-0.34550583542549623,-0.39541508060255126
姑-嫂,1.2043382689656024,-1.17314702483622,1.4536673545672407,-1.5927441430391227,0.172675708133882,-0.5750282148797091,-0.1419208469148597,1.0457457436936113,0.4365189396945066,-0.8796261755296242,0.5563168884567455,0.7878453298262985,-2.086786944795973,-1.0005233311119046,-2.2777312384256323,-0.40675036002305726,0.31964464117960467,1.1883075285709614,-1.437128875730471,-0.20818556290299672,-1.5256716379339395,1.6153526637700917,1.3817701168959369,-0.7949074630780602,0.7684037107356133,-0.40087423781458315,0.676879317192386,-0.31837274317121483,-2.1153861068365813,-1.362962665829594,-0.67264225947682,0.3890643597078236,0.27478052097811684
姑母-侄女,0.5112286060051793,0.7246984445641158,1.571834769248927,-0.1523217412964761,0.9584397635602577,0.6534890752328811,-0.7730938158598551,0.7191189338452588,1.068683338231683,0.5888632745840182,-1.108782621612659,1.3591185467808828,-1.884808700671101,0.508433698775775,-1.8263521938440503,0.5637585928202054,0.6970206533225394,0.25328186814728654,-0.9947438391931673,0.976821312071821,-0.9372439569930691,0.0791815052443363,-0.0015063024818059495,1.8011461582743398,1.4969678411966905,0.9879198392421132,1.4642646442018528,1.408511126478615,-0.1896695270981693,-0.8992288606871633,-1.7813909329776207,-1.2141642407815647,-2.088855752453704
姑母-侄子,0.4208229977929502,0.04342058375373893,0.1538257930686932,0.027731058921354735,0.8229632022798481,0.30248413520071255,0.9904777150158673,-0.5383942840708983,1.0314971971412608,1.0171726975338307,0.15439631706068233,0.8179123412449608,0.4758120275383417,-0.0026646500571487464,0.340267220147543,1.0322801562617805,0.5201256476305387,0.326006086180239,0.26435203402838886,0.06404574621283977,0.4402117506639685,1.2801880473644722,1.3943453570720983,0.3069059924959235,-1.6331595341175666,1.7357320345803344,-0.09410214883771698,0.45321366667232615,0.22130657223624792,0.37603910345452074,-1.7427136536694534,0.053843834150951515,-0.6078431507464238
姑父-侄子,-0.7695175103347331,-0.8325080944310314,-0.8801390853960606,0.6111021316271267,-0.9788750627495997,-0.5604030090450354,-0.5874547073466212,-1.0609971798282622,-0.13986624720703655,0.48178591884656513,-0.1326898053650771,0.6224767670236556,0.084479179546402,-0.10001671650151518,0.9270599781035996,-1.126265618165476,-0.1874543751374637,0.003941692034306524,0.33241127041874324,-0.9448114581576131,-0.041229079196743665,-0.8006256128204144,1.092539592844227,-1.383547528384709,-0.3244424849560023,0.49382963875078856,-1.324391722290009,-1.2369279929849541,-0.37754431536533145,0.005052059340576256,0.03644119450625038,0.8408833289366513,0.9629277904582672
姑表兄妹,-0.31748946927358757,-0.26072131839375073,-0.6881170365383206,-0.5844484618192701,-1.0330656872617636,-1.2039120657706779,-1.6827254475747013,-1.2406419252448562,-0.08408703557140335,0.16055385163420585,-0.40542162166954854,0.5322757327676686,-1.1021430046872216,-0.39207291583461445,0.18980753862034905,-1.4609238777666012,0.5319186480100054,0.3571736081943615,-0.5013143753630981,-0.9127842453204559,-0.7098968984477327,0.4003809292997215,0.24999850104142002,-1.6099475535026508,0.10729922198389522,0.9879198392421132,-1.1931608344550977,-1.9717721928359455,-0.1192164814979835,-0.4354950555447328,-0.7628892445292107,0.7242848852646957,0.15510273498156893
姑表兄弟,-0.8850357874948035,-0.9784962074618264,0.5280226062273657,-0.642065357888976,-0.4234211614999203,-0.9455334293581095,0.5758837060029786,-0.6091634262047082,-0.8278098573798461,0.09936679121280409,0.4414824394864417,-0.6553712182694936,0.050816138858923436,0.3948562879240137,1.1928720821349754,-0.22826595490245738,-0.1520753739990636,-0.3631424561320252,0.10554714911756204,-1.4679226011645143,0.3644293978155232,0.40503599341646634,0.375750902803033,-1.0162763765267142,-0.7606815013431906,1.005724891512071,-0.8760195221873956,-1.4451338496094017,0.5931420906816729,1.4194401650249895,0.685359991787727,1.0692219477942306,1.3718268926131392
姑表姐妹,0.1948089772623774,-0.16339590970655404,0.31630598825601164,-1.3622765587602992,-0.7350172524448624,0.4487361935474495,0.9162220716105738,0.03320263316371856,1.0500902676864718,0.34411503289841117,-0.7499249685804599,1.5695876267115192,-0.19324090612529712,0.9221799811643324,-0.7731344231536925,-0.44021618598316975,-0.1874543751374637,1.240253398594499,-0.756536511826927,0.04803213979426116,-0.0947225047368228,0.553998045152297,0.23742326086525872,0.33709266251164904,-0.22999898656289974,0.49382963875078856,0.4144175415225637,-0.6306815281078861,0.7262200657042462,-0.25000153348776055,-0.2085149077788103,-1.024691769814637,-0.5779237042472869
姑表姐弟,-0.0914754487430148,-0.8933364748605293,0.5969535981250162,-0.9877667343072112,-0.6808266279326985,0.5364874285554916,0.062282172449697616,0.44148614547415915,-0.23283159993309188,1.1395468183766342,-0.017855356394773328,-0.09913150702424038,0.046608258772988485,0.4110816323314086,1.4988067679069368,0.12870285533874282,0.6026766502868056,0.5649570882885115,-0.4162403298751551,1.1209437698390285,-0.6430301165226339,1.056744969760726,0.03621941804667795,0.15597264241729558,0.03983958027453622,0.2668152223088286,0.03712873899719417,-0.04280616822709305,0.5031187546369912,-0.7137353386301911,-0.01512851123797292,-0.5145735787498317,-0.32360840900462257
姨母-外甥,-2.4922466001566543,1.0328955720735722,-1.7762419800655138,0.6735204357026414,-1.0375815726377773,-0.4190260193098565,-2.369590149073667,-0.3696370989825827,0.26298361460587033,-0.7368563678796868,-0.6303057509030602,0.9682473983382726,-0.06700450354725207,-0.027002666668240353,-0.8333182957645701,-1.4999673413867325,-1.8502674286422693,-1.277389768546285,-0.4389267420052732,-0.10142818677913897,0.3287671141221368,-0.7680401640032014,-1.569219577776581,-0.1106762760549469,-1.102477019337276,-0.6857550741339054,0.4144175415225637,-1.2491753963158037,-1.2542933272787549,-0.5282418165732189,-0.1741351039493282,-0.5631562636131463,-0.2438232183402572
姨母-外甥女,0.6016342142174084,-1.17314702483622,0.803746573817967,-0.1523217412964761,1.0939163248406674,1.0044940152650499,-0.29043213372544685,2.352252983087021,1.9983368654922364,1.200733878798036,-1.568120417493874,0.3669071699650258,1.1953595222331985,1.7253345293303555,1.5740366086705337,1.199609286062343,-2.557847451410272,0.5234003922696815,-1.437128875730471,1.5853383559778085,2.1118812987914413,-1.736293500286102,-2.239899053838517,2.1633861984630465,2.0096611181878186,-1.8430834716811524,1.9891881955414974,0.19601819672447915,-1.8335739244358382,-1.362962665829594,-2.219733431803519,-1.5348099608794423,1.2920417019487738
姨父-外甥,0.05920056494403372,-0.5891945727130397,-0.08250903629467907,0.5390810115399943,0.25396164490212775,1.4432501903052606,1.120425090975131,0.5558055289210825,0.8827526327795723,-0.5736908734226154,-0.3910673155482606,1.0283814211755973,0.5894247898585823,0.07034939977612607,-0.4421231237938657,0.36296363705953033,0.36681664269747155,-0.45318196417282347,-0.5183291844606867,-0.14413113722868223,0.8547857985995817,0.0791815052443363,-1.3596322415072262,0.9559193978340235,-0.5268214100840792,-0.6679500218639478,0.7424947611098416,0.37972924668722696,-0.40102866389872677,0.7702128378255867,0.2556124439191994,-0.1356286368159762,0.3944583069746647
姨表兄妹,1.0235270525411442,0.10830418954520334,1.0991651105221822,-1.1222061584698582,1.2745517398812132,0.5364874285554916,0.9966656852996414,0.9586452610673842,0.5356819826022986,-0.47171243938694585,-0.7260011250449799,-1.2767561209218485,2.104261620795123,0.3624055991092254,-0.6327053870616446,1.1549881847821926,0.8228126573701844,0.9943762804830879,-0.5977316269161,0.9234426240098925,-0.2418294249720404,-0.1908122135268572,-0.32846254706199973,0.6138038043224666,0.8403606618922627,-0.8994157013733971,0.5456484293574748,1.5922221764413627,1.4072661731727092,0.39922579371164224,0.7541195994466912,-0.5437231896678205,-0.9020510413212708
姨表兄弟,-0.784585111703438,-1.17314702483622,-0.5551786950214236,-1.5927441430391227,-0.36923053698775643,-0.6920298615570987,-0.8102216375625019,0.0658653141485538,-1.7202772435499774,-0.20656851089420475,-0.7642792747017478,0.12637107861572713,-2.086786944795973,-1.1952274640006375,1.092565627783513,-1.6784517465073325,-1.8974394301601363,1.9778847529287313,-1.0287734573883445,-0.14413113722868223,-0.08134914835180301,0.8333018921569798,0.878760509849485,-0.9156541431409625,-1.7680788175362847,0.45376827114338386,0.4144175415225637,-1.0532169430222063,-2.1153861068365813,-0.7137353386301911,-0.8789210824537131,-0.7186208551757538,0.9928472369574041
姨表姐妹,-0.5736386925415701,-0.7716797140015335,-0.008654402118625231,-1.3046596626905933,0.13203273974975913,-0.10702162817015089,0.6191994979893994,-1.2079792442600208,-0.08408703557140335,0.5582697443733173,-0.67815343797402,-0.21939955269888972,-0.19324090612529712,0.8978419645532407,0.26503737938394606,0.12870285533874282,0.1899216370054709,0.450676174236729,-0.9607142209979902,0.7045900029559845,-0.30869620689713934,-0.3118438805622196,-0.49194066935209657,0.5333060176138653,-0.3649182699816177,-0.8415492814960348,0.31599437564638033,0.8573779765903714,-0.5889034521658889,-0.7137353386301911,0.577923104820595,-0.7186208551757538,0.2598207977285483
姨表姐弟,0.842715836116686,-1.17314702483622,0.2129095004095363,-1.3046596626905933,0.28105695715820966,-0.04852080483145611,1.120425090975131,-0.06478540979078719,0.8827526327795723,-0.145381450472803,-0.7642792747017478,0.48717521563967514,1.1953595222331985,-0.6111150653344389,0.791646264729125,-0.47368201194328224,0.4139886442153384,0.8142972644014915,-1.096832693778699,0.49641311951446243,1.0420127879898586,1.1126057391616626,-0.7308702326991613,0.11069263739370722,0.06682343695827982,-0.13379845376521846,0.020724878017830278,-0.5388260031265122,0.6087983230372699,0.5847193157686145,0.9775883243383255,1.78824568377129,0.9928472369574041
婆婆-儿媳,-0.5435034898041604,0.1650773446127348,-0.9983065000777467,0.48146411547028845,-0.0711821021708553,-0.5604030090450354,0.17366563755763798,-1.2406419252448562,-0.9207752101059015,1.0936565230605828,1.8769130516152388,0.7728118241169674,0.5263065885695597,0.4354196489425002,-0.2013876333503553,0.5470256798401492,0.09557763396973726,-0.7440788363046335,0.46852974319945206,0.2882362360729404,0.654185452824285,0.9170930462583847,0.878760509849485,-0.9609341481645509,0.18825079203512599,0.8810895256223673,-1.307987861310645,-0.006063958234543484,0.4091813605034101,-0.6905486483730696,-0.9175983617618806,-0.427124745995865,-0.03937366726282138
岳母-女婿,-0.40287254369624825,-0.31343924809931556,-0.3976221421125089,0.5102725635051414,-1.5975513592634702,-0.9260331549118778,-0.6864622318870128,0.10941555546166779,-1.001345182468483,0.2829279724770094,0.05870094291876245,-0.25447773268732926,-0.5887816342031715,-1.4223822857041588,0.6110946468964922,0.017150102138367488,0.00516463106049262,-0.46010808017596166,-0.1440033843137375,-0.9554871957699987,0.9706882206030863,0.16297265934574115,0.2583819944921941,-1.1370230565896167,-2.019928146584558,0.7920642642725793,-1.5540457760011035,-0.6123104231116113,0.6244545553928669,0.7392972508160914,-0.2600846135230336,0.5445289512704309,1.112525022953952
岳父-女婿,-1.0738830579825709,0.033688042885019295,-1.2169162172388661,0.9596843528488469,-1.5289099015480627,-0.39952574486362474,0.48182655768960675,-1.0969261289115808,-1.0509267039223789,0.9682230491967093,0.20033009664880386,-0.029977380761317094,-0.09730124016598295,-0.20223638626809964,1.513852736059656,-0.17918274349429184,0.35738224239389804,-1.0474427172420924,1.7616552346161856,-0.8743515899158671,1.2345891199341437,-0.31742995750231334,0.9089410862722721,-1.724656899562408,0.46618451587768533,0.9451877137942151,-2.564523612329919,-0.8621574510609483,0.5712233653838376,0.6960154290027978,0.26592638506804417,1.4617700414898143,1.447622823744286
干妈-干女儿,0.9029862415915054,0.28673410547173067,0.803746573817967,1.2881006604461704,1.635822569962306,0.4194857818781021,-0.5874547073466212,0.3924921239969063,1.9983368654922364,1.200733878798036,-0.9365309481572035,2.170927855084766,0.18546830160883804,-0.7084671317788054,-1.435157021873346,0.19563450725896783,0.27247263966173785,-1.3466509285776684,-1.437128875730471,0.30424984249151904,-1.0977242336133064,-0.8983819592720534,1.5326729990098724,0.35218599751951185,0.9303068508380749,-0.24062876738496433,0.3488020976051081,0.5634402966499749,-1.1760121655007707,-1.362962665829594,-2.219733431803519,-1.5348099608794423,-1.1015140179821838
干爹-干儿子,0.24001178136849194,-1.17314702483622,1.0991651105221822,1.115249972237053,-2.7536180155229655,0.009980018507238661,0.9719138041645439,0.7191189338452588,0.6596357862370394,-2.1033673839576594,-1.568120417493874,0.7277113069889738,-2.086786944795973,-0.5137629988900725,-1.7962602575386115,-0.0720921004219322,-0.6237953891777319,1.3545343126462814,-1.437128875730471,-0.20818556290299672,-1.8466321911744144,1.1126057391616626,1.2308672347820013,0.5333060176138653,0.660468284000639,-1.5225925308219148,0.217571209770197,1.4452533364711644,-2.1153861068365813,-1.362962665829594,-2.219733431803519,-1.5348099608794423,-1.2211918039787317
异父异母兄-异父异母妹,0.17974137589367253,-0.9541648552900273,-2.504941037269245,-1.3478723347428727,-1.0195180311337226,-1.4525405649601306,-0.8102216375625019,-0.5873883055481511,0.06465752879028522,-0.23716204110490563,-0.2762328665779568,0.9081133755009478,0.03398461851518398,0.508433698775775,-2.006903811676683,1.5008017197033554,-0.7888973944902657,1.4376477046839415,-0.4162403298751551,0.49641311951446243,-1.6594052017841374,-0.8704515745715852,-1.183578879040968,-1.5495742134711996,1.2271292743592543,0.13327733028414623,0.2503789317289248,0.4899558766648757,1.2193913849055469,-0.7601087191444342,0.07511847381441784,-0.22307746956994284,-1.7298223944640603
异父异母姐-异父异母妹,-0.6640443007537992,2.8171947313388452,-0.6142624023622667,-1.419893454830005,-1.7239961497918526,0.1269816651846282,-1.701289358426025,-1.8285701829718906,-0.009714753390559062,0.5888632745840182,-0.017855356394773328,1.0885154440129219,0.2864574236712741,-0.22170679955697323,-1.4953408944842237,0.5302927668600929,-1.1898594073921338,1.1883075285709614,-0.6204180390462183,-0.01602228588005331,-1.5791650634740186,0.945023430958853,1.5326729990098724,-2.0023742637070834,-0.5268214100840792,1.7357320345803344,-2.9319700982676706,0.12253377673938001,0.23304874650294555,-0.5282418165732189,1.5448550875247817,-0.8935185206836871,-1.3408695899752796
异父异母姐-异父异母弟,-0.6339090980163895,-1.0271589118054247,-1.5005180124749127,-1.3910850067951521,0.6874866409994386,0.06848084184593344,0.26648519181425495,0.3924921239969063,0.47370508078492873,-0.7266585244761198,-1.3958687440384185,0.21657211287171413,1.6498105715141607,0.8491659313310576,-0.6527666779319373,-0.005160448501707199,-0.9068273982849329,1.7285445768157515,-1.1989215483642306,0.720603609374563,-0.3220695632821591,-2.0155973472907847,-1.938093289610646,0.2616259874723351,1.4430001278292033,-1.4958849524169784,-0.14331373177580864,-0.17140390320101653,-0.47148170949891255,-1.0847223827441357,-0.18273005490669864,-1.418211517207487,-0.9519167854864989
弟媳-伯,-0.24215146243006333,-1.17314702483622,-0.2597601583172083,0.7983570438536707,-0.47761178601208415,-0.39952574486362474,0.15510172670631459,-0.5220629435784807,0.4365189396945066,0.8336115162696253,0.15439631706068233,0.9682473983382726,0.7409084729522363,-0.8058191982231718,1.5740366086705337,-0.47368201194328224,0.1781286366260042,-0.8064138803328784,-0.5523588026558638,0.04803213979426116,-0.6162834037525943,0.27469419814761425,-0.026656782834128548,-1.0364008232038648,-0.5807891234515665,-0.8816106491034396,-0.8978913368265478,-0.6857948430967105,-0.6123878006992842,0.9557063598825589,-0.5179331422441501,0.9720565780676013,0.8731694509608562
族伯叔-族侄,-1.3270187609768127,2.4765558009336566,0.33107691509122245,1.0000161800976413,1.4732506964258143,-1.2185372716053515,-2.740868366100135,1.3723725535419637,-0.08408703557140335,-0.5125038130012136,-0.5920276012462922,0.9081133755009478,-1.2283794072652665,0.6544617984423247,-1.6157086397059788,-0.5406136638635073,-1.8030954271244026,-1.4297643206153283,0.46852974319945206,1.5853383559778085,1.3094799156902543,1.5036311249682186,-1.6865884860874198,1.0162927378654747,-2.9014007982535155,-1.5225925308219148,0.8081102050272971,1.2982844965009661,-0.33057561829854093,-0.7137353386301911,1.596424793269005,-1.2433138516995537,-0.981836231985636
族姐-族妹,1.44541989086488,-1.17314702483622,0.9809976958404962,-1.5927441430391227,0.6603913287433566,-3.675571851830532,0.37786865692219535,0.2618414000575653,0.4365189396945066,-1.7362450214292489,-1.568120417493874,0.6675772841516492,-2.086786944795973,-2.266100194888668,-1.6157086397059788,-0.40675036002305726,-0.19924737551693042,0.8142972644014915,-1.437128875730471,-0.08007671155436777,-1.4186847868537813,1.2243272779635357,1.4823720383052272,-0.6741607830151579,-1.7680788175362847,-1.2021015899626772,0.4144175415225637,0.3429870366946774,-2.1153861068365813,-1.362962665829594,-0.2085149077788103,-1.5348099608794423,-0.08425283701152683
曾祖母-曾孙女,1.6412987086580433,0.4083908663307266,1.8967951596235637,0.9640056200540751,1.8119420996268383,0.6681142810675549,0.1365378158549912,1.3397098725571286,-0.21423852938788082,0.8336115162696253,0.15439631706068233,0.5172422270583374,1.0438758391395444,1.3602642801639813,-0.5323989327101821,1.5008017197033554,1.2277056703985412,-0.17267426604572098,0.638677834175338,1.4091886853734437,0.23961140488867178,2.3974034353832034,1.3566196365436143,1.5445594631406723,-1.741094960852541,0.21340006549895563,1.0213603977590278,-0.48371268813768786,1.0315165966383848,1.2571333332251389,-1.407510566332002,-0.38340032961888165,-1.6101446084675124
曾祖母-曾孙子,0.5413638087425889,0.3597281619871282,0.9514558421700746,1.0144204041150677,0.33524758167037355,-0.0777712165008035,1.0461694475698375,1.5030232774813048,0.027471387699863077,-0.7266585244761198,-0.649444825731444,0.45710820422101284,0.13497374057762002,0.1677014662204925,0.009255920787716261,-0.5406136638635073,0.5319186480100054,0.2325035201378715,0.8768851615415784,0.5284403323516197,-0.0011090100416843189,0.051251120543868024,0.878760509849485,0.77479937773967,-2.415691377946131,-0.908318227508376,0.6440715952336582,0.6001825066425244,-0.6358721492326794,-0.15725477245927444,0.2556124439191994,-0.36882552415988723,-0.892077892488225
曾祖父-曾孙女,0.05920056494403372,0.10424896418323687,0.09474208572785014,1.1296541962544795,0.47072414295078313,0.22935810602734405,0.062282172449697616,-0.2607614956997987,0.45511201023971765,-0.7266585244761198,-0.67815343797402,0.33684015854636346,0.5010593080539507,1.068208080830882,0.21989947492578785,0.8147522875210491,1.2159126700190743,-0.8999164463752459,0.5706185977849836,0.6885763965374059,1.1356262826849972,0.4283113140001898,0.501503304564646,0.6691460326846305,0.7144359973681261,-0.36081287020717845,0.4144175415225637,0.6552958216313488,0.4913765803702935,0.37603910345452074,0.9002337657219905,-0.4854239678318427,-0.2039306230080747
曾祖父-曾孙子,-0.5917198141840158,0.6955008219579567,-0.09432577776284785,1.2131986955555532,0.3894382061825374,0.7236900632393151,0.942211546802426,1.1372012504511504,1.090995022885936,-0.3411800438212888,-0.7527958298047175,0.9802742029057376,0.09457809175264575,0.5376393187090847,-0.363884089399725,0.7177013922367227,0.8385366578761398,-1.2136695013174124,-0.48429956626550946,0.9447940992346637,0.14332323891652948,-0.4961844195853101,0.8284595491448398,0.44878334156983335,0.6820553693476341,-0.43292333190050697,0.4406637190895463,0.7691966726082522,-0.26481944240503424,-0.2685508856934577,1.0807277358267722,-0.5087436565662338,1.1364605801532615
母女,1.1561219445857471,1.2989183558185762,1.9617872376984908,0.2970900480472295,2.1560525652790785,1.776704883335821,0.8828070320781914,0.8105744406027978,0.16877872384346762,0.22174091205560761,0.9926877945438999,0.4270411928023505,1.5892170982766989,1.4722191565750034,-1.435157021873346,1.868925805264593,1.9329270930906504,0.26574887695293536,1.3805235108302008,1.4444186194943165,2.0476891881433463,1.8052792797332764,0.4562324399304654,1.1249647499220865,-1.3471306532698848,0.6674288983828756,0.9787103592126812,1.4305564524741445,2.1211903685879254,-0.2314521812820634,-0.7242119652210433,0.610601402684539,-1.2929984755766604
母子,0.49314748436273365,0.89988418020107,0.08292534425968136,0.516034253112112,1.3323550726941886,1.027894344600528,0.259059627473726,0.248776327663631,0.13902981097112949,-0.6593527580125778,0.9008202353676568,0.390960779099956,0.05418244292767112,0.6739322117311982,-0.4240679620106026,0.20902083764301302,1.1687406685012076,0.1826354849152754,1.2035694962152792,0.9191723289649376,-0.20973336964799286,-0.6414224200277452,-0.7811711934038065,0.8351727177711211,-1.0664985437589511,-0.7320482100357953,0.2438173873371796,0.004958704763221804,0.32698614063652665,-0.28710023789915506,0.5547167372356944,0.797158912559668,0.5261038715708676
父女,-0.09750248929049682,-0.11230007014577575,-0.117959260699185,1.0749181449882588,0.5520100797190289,0.3843852878748855,0.259059627473726,0.28797154484543386,0.7191336119817147,-1.1733240655523527,0.3725817701042593,-0.7275320456742833,0.7813041217772105,0.829695518042184,0.7314623921182474,1.1460639645261632,1.1876094691083545,-1.1056220916684545,0.9177207033757911,0.8679287884254862,0.16472060913256106,-0.10515903377875419,0.19466744426631025,-0.046278046688065885,0.6712618266741365,-0.31540998691878636,0.04697105558481288,0.35768392069169747,1.3415099972792022,0.7516634856198896,1.534541146375937,0.7738392238252769,0.03542494898502105
父子,1.1079056202058917,1.1821278653939402,0.5201447785819204,1.0057778697046118,1.1481069493528313,1.027894344600528,0.9867649328456028,1.0980060332693475,0.6447613298008704,-0.5247412250854939,0.4299989945894112,1.112569053147852,0.7207106485397492,0.8491659313310576,0.5870210978521413,1.333472589902793,1.5366822803405686,-0.09995004801276847,0.6727074523705152,1.1753900316621955,-0.08134914835180301,-0.5743894967466215,0.023644177870516647,0.8713967217899915,0.8655455947970901,-0.6999991159498716,1.0705719806971195,0.8279842085963313,1.2757538213856958,-0.4354950555447328,1.0704137946779273,0.49400295901258345,0.35855497117570023
祖先-后代,0.9331214443289151,1.1626627836565009,1.7490858912714562,1.0720373001847736,-0.9382320943654768,0.3609849585394073,-1.1072442111836762,0.9477577007391055,0.9571249149604165,0.6806438652161209,-0.10398119312250115,1.4793865924555323,-1.6575831760306199,-0.027002666668240353,0.03934785709315506,-1.4107251388264324,-0.43510738310626457,-1.6998828447377234,-0.5523588026558638,1.0088485249089783,0.2128646921186322,1.3919095861663455,-1.8626418485536782,0.8653593877868467,1.11919384762428,2.4835442299185555,0.48003298544001927,1.0043468165605696,-1.4343399993681187,-0.5282418165732189,1.7253490576295634,-0.8643689097656981,-1.4605473759718275
祖母-孙女,-0.22708386106135847,0.8706865575949109,0.8185175006531777,1.144058420271906,1.6629178822183877,1.5602518369826501,-0.03053738180691935,1.4866919369888871,1.1988348320481605,-1.2620453031633851,-0.9795938665210674,0.5022087213490063,-0.19324090612529712,0.9951940309976072,-1.0890997543607999,0.8314852005011054,-0.22283337627586383,-1.0349757084364435,-0.46728475716792084,1.184998195513343,-0.388936345207258,-1.4849200379818874,-1.7117389664397427,1.3030661030148676,0.48507321555630556,-1.2421629575700819,0.824514066006661,1.1696867615270428,0.03343178396908576,-0.8064820996586772,-0.2214073342148661,-1.3016130735355314,-0.921997338987362
祖母-孙子,0.38466075450805887,1.542231877536568,0.6737624176681121,0.9827311112767296,-0.011572415207474998,0.5832880872264473,0.37786865692219535,0.5492729927241159,0.1985276367158047,-0.6838275821811386,-0.36235870330568465,-1.485220733424574,-0.5921479382719195,-0.14382514640148036,0.3222120583642799,-0.6209316461677775,-0.30302577885623755,-0.7814798627215803,-0.7157009699927144,0.7013872816722689,0.6675588092093048,0.8779905076777289,-0.48942562131686446,0.9076207258088627,-1.2607823118819053,-0.7747803354836936,0.8474794713777701,0.15192754473342007,-0.07694465413787208,-0.45404440775043,0.0905893855376847,-0.5670428784022116,-0.694609545593921
祖父-孙女,-0.8297879158095526,0.7611954728218145,-0.3336147924932621,1.144058420271906,-1.195637560798255,0.945993191926355,0.02515435074705083,1.4703605964964694,0.5666704335109841,0.23703767716095805,-0.663799131852732,1.374152052490214,-1.3672394501011162,0.31372956588704215,0.23494544307850723,-0.8752719234646323,-0.659174390316132,-1.564823582676526,0.11121875215009148,0.7045900029559845,0.22623804850365198,-0.7587300357697121,-0.20271014530038672,1.0011994028576119,-0.6212649084771819,-1.188747800760209,0.7260909001304776,-0.557197108122787,-1.0468482485670967,-0.7137353386301911,0.3200745760994785,-0.22307746956994284,-0.9519167854864989
祖父-孙子,1.0837974580159637,0.7441635263015551,0.5674117444545947,1.0461096969534058,0.584524454426327,1.6714034013261705,1.848130396347008,1.8427151597235916,1.4182330644816512,-0.7205398184339795,-0.6149944910403529,1.5695876267115192,0.10467700395888914,1.4527487432861297,-1.2546054040407133,-0.03193310926979758,-0.22755057642765059,0.20756950252657344,-0.45707587170936764,0.8935505586952123,-1.611261118798066,-0.6079059583871832,0.22484802068909743,1.450980786091923,-0.6023762087985612,-0.6786330532259224,1.4773877329853442,1.4158595684771245,-0.3963317941920476,-0.7322846908358884,0.5340888549380051,-0.6953011664413626,0.3944583069746647
继兄-继妹,-1.5681003828760902,-0.6216363756087718,-0.8112080934984104,-1.2950568466789758,-1.290471153694542,-1.3160386438365095,-1.354763022534655,-1.5672687350932086,-2.116929415181147,0.7316330822339558,1.5324097047043275,-1.1965774238054157,-0.605613154546911,-1.9091426179259916,1.4536688634487787,-1.2991723856260575,-0.7810353942372881,0.869706192426598,0.4004705068090976,-2.5995507880774036,0.7388833765960771,-0.26529323939477234,0.07394513857516184,-1.7810053502584293,-0.4728536967165921,1.7535370868502917,-2.3414311030105703,-1.984019596166795,1.0784852937051752,1.5431025130629712,0.13528313051601157,0.8748912083409718,1.7906991436010564
继兄-继弟,0.4208229977929502,-0.8973917002224958,1.1582488178630255,-1.179823054539564,-0.18859512194721018,0.3999855074318708,0.3531167757870978,0.2618414000575653,0.03986676806333748,-0.16577713727993704,0.15439631706068233,-1.4170688408756058,1.6161475308266817,0.8816166201458459,0.9120140099508802,0.5302927668600929,0.11523263460218167,0.952819584464258,-0.34818109348480064,-0.35764588947639686,-0.8124259640662178,-0.7680401640032014,-1.099743944533226,-0.5936629963065562,0.5525328572656646,-0.47209444689441366,-0.32922415620859913,0.4654610700031763,0.6244545553928669,-0.31183270750675124,1.527665185610041,-0.3299593762692353,-0.4033935996689878
继外祖母-继外孙女,-1.2667483555019932,-1.17314702483622,-0.9687646464073251,1.2881006604461704,-2.53685551747431,0.18548248852332297,-2.518101435884254,1.0457457436936113,0.13902981097112949,1.1395468183766342,-1.568120417493874,0.06623705577840246,0.6399193508898002,1.7253345293303555,1.393484990837901,0.7310877226207679,-2.180471439267337,-0.5155170082010685,-1.437128875730471,1.5853383559778085,1.57694704339065,-2.853508888304833,-2.239899053838517,0.8955460578025723,2.0096611181878186,-1.8430834716811524,1.9891881955414974,-0.6123104231116113,-2.1153861068365813,-1.362962665829594,-2.219733431803519,-1.5348099608794423,1.7707528459349653
继外祖父-继外孙子,-1.085937139077535,-0.4918691640258429,-0.850597231725639,0.7983570438536707,-0.531802410524248,-0.5750282148797091,-1.4042667848048505,-0.5873883055481511,-0.6046930108373133,0.9559856371124288,1.1304891333082643,0.48717521563967514,0.03398461851518398,-1.0005233311119046,-0.11111182443403893,-0.6744769677039573,0.4611606457332052,-0.6401870962575584,-0.0759441479233831,-1.1049475223433993,0.774545660289463,-0.6190781122673706,-0.2781615863573545,-1.3986408633925718,-0.09507970314418175,-0.9350258059133125,-0.7666604489916365,0.7104091366201731,-0.33057561829854093,0.3064790326831561,0.719739795617209,0.9137573562316235,0.9928472369574041
继姐-继妹,-0.2622415975883366,-0.8487289958788974,-0.417316711226123,-1.2470427666208876,-0.33310345397964736,-1.0430348015892672,-0.018161441239370597,-1.5237184937800952,-1.4475788755535486,-0.4513167525798118,1.1687672829650322,-0.29456708124554554,-0.11749906457847009,0.9789686865902123,-0.2515408605260868,-0.4290609106631324,0.13095663510813738,1.257568688602345,-0.23474903283420992,-0.5071062160497979,-0.34881627605219867,0.42365624988344497,-0.07695774353877374,-0.6339118896608572,0.6065005706331518,0.3291329052536802,-0.3073523415694476,-1.3716494296243027,1.0628290613495788,-0.8064820996586772,-0.1741351039493282,-0.019030193144020678,0.09526384198329499
继姐-继弟,-0.4470708410444492,-0.053904824933457766,-0.16522622657185929,-0.7976309772771818,-0.0874392895245043,-0.7271303555603156,0.259059627473726,-0.953210332578306,-1.0509267039223789,1.237446115050877,2.497019076054879,-0.28254027667808046,1.0337769269333006,-0.4748221723123254,1.5018159615374804,-0.5138410030954174,-0.08603457187405009,0.7810519075864276,1.8024907764503981,-1.7839244344911327,0.9885193624497796,0.6880638917145447,1.3113487719094334,-0.44474209089564365,0.7684037107356133,1.4686562505309697,-0.01864438833264269,0.46056210867083563,0.8624292871979388,1.21539729076232,0.01839179749577215,1.8232252168728766,1.5313972739418695
继母-继女,-0.2572190637987682,-0.5770288966271401,-0.023425328953836,0.7407401477839648,0.14558039587780008,-0.18014765734351934,-0.12335693606353632,-0.16277345274529292,-0.6976583635633686,0.512379449057266,0.5850255006993215,-0.5802036897228378,-0.054380863289447565,-0.5624390321122558,0.5208188379801758,0.5302927668600929,0.6616416521841392,-0.6609654442669735,0.4004705068090976,-0.3843352335073615,0.2663581176587113,-0.6749388816683073,-0.6554187916421935,-0.3421074128421765,0.9303068508380749,0.03980080586686859,-0.3729677854869031,-0.39185716315631397,1.2663600819723375,0.09779882036906237,-0.36322402501148016,0.4473635815438014,0.8731694509608562
继母-继子,-1.218532031122138,-0.5307993275007217,-1.2050994757706974,0.5678894595748473,-1.2146042793775125,-1.5695422116375202,-1.1072442111836762,-1.9461558345172973,-1.6607794178053021,0.5154388020783359,1.8998799414092995,-1.509274342559504,-0.3093783964970984,-2.908623833421487,0.8157198137734759,0.23579349841110245,0.4611606457332052,-0.25786549288432237,2.1155632638460284,-0.7462427385672381,0.025637702728355246,-0.8983819592720534,0.3858110949439622,-1.000176819184994,-0.30015701394063293,1.6289017209605885,-1.9608615282893282,-1.0826107110162457,-0.35875683653861534,0.39922579371164224,0.3278100319611119,1.4850897302242052,1.3399128163473928
继父-继女,-0.5314494087091963,0.9777445071508274,-0.8387804902574701,0.809880423067612,0.15099945832901654,-1.5812423763052594,0.30361301351690173,-0.16930598894226007,-0.24770605636926096,1.2496835271351572,1.0386215741320213,-1.0161753552934416,0.2056661260213252,-1.3509907703116233,0.8036830392513007,0.3964294630196429,0.5460702484653653,-0.7482345059065165,1.2035694962152792,-2.2451162993461966,0.8815325113696213,-0.3732907269032499,0.7479780120174073,-1.2537448473170891,1.0058616495525572,0.7528931492786723,-2.0527231497737657,-0.28897897517717525,1.040910336051743,0.3064790326831561,-0.012550025950761901,0.3890643597078236,0.550039428770177
继父-继子,-0.6841344359120725,0.7895820503555804,-0.5354841259078091,0.9712077320627883,0.028167376101445207,-0.9845339782505725,-0.3894396582658385,-0.2389863750432417,-0.43115768574867697,-0.47171243938694585,2.240555473354534,1.3290515353622205,0.30328894401501355,-0.8707205758527499,1.9953237169466769,0.8872615771012926,-0.8282073957551549,-0.4878125441885152,1.693595998225831,-1.0622445718938565,0.9350259369097005,-0.3770147781966455,1.0464303788649687,-0.17104961608639804,0.012855723590792626,1.3618259369112238,-0.7885322636307885,0.07354416341598023,0.49920469654809185,0.8629595988540728,-0.24289471160829235,1.3801511309194454,1.6311287622723265
继祖母-继孙女,-2.431976194681835,-0.7676244886395669,-0.8702918008392535,0.9327964680163179,-0.4234211614999203,-2.0375487983470784,0.4521243003274889,-0.0430102891342302,-0.23283159993309188,-0.7980434283010885,-0.9556700229855876,0.4671305413605672,-0.4372979511095177,0.2650535326648589,-1.0339312044674953,-2.860910930431308,-2.0389554347137366,-1.3466509285776684,-0.575045214785982,-0.8487298196461414,-0.7945948222195247,-0.5445970863994551,-0.84823914101,0.09056819071655711,0.4086189549523651,0.8988945778923251,-0.2636087122911436,-1.518618269594501,-0.8941999831000275,-0.40457946853523735,-0.7757816709652665,0.2335997681452162,-0.6228028739959923
继祖母-继孙子,-0.9955315308653059,-0.15123023362065446,-0.14159274363552213,1.0432288521499207,-0.23375397570734685,-0.2825240981862352,-0.6245825290492679,-0.32608685766946915,-0.9021821395606904,0.7112373954268217,0.7285685619122012,-2.940464086087831,-0.3447245892189512,0.21637749944267573,1.3032091819215845,-1.845780876307895,-0.7417253929723989,-1.7622178887659683,2.1019514165679576,-0.9448114581576131,0.2663581176587113,0.3864157369494874,-0.20271014530038672,-0.13080072273209742,-0.9045954036564896,-0.2673363457899008,-1.3900071662074645,-1.4573812529402514,-1.5282773935016998,0.3064790326831561,-0.8531362295816015,0.534812414297768,0.8133305579625822
继祖父-继孙女,-1.8694524102501873,0.4083908663307266,-0.6438042560326882,0.4958683394877149,-0.36923053698775643,-1.9790479750083836,-1.2186276762916166,-0.4567375816088102,-1.8318356668212439,-1.0325938265831285,-0.33365009106310867,-1.1364434009680908,-0.8244229190155224,-0.9518472978897214,-0.14120376073947774,-0.9087377494247448,-0.5294513861419982,-1.7206611927471385,-0.21206262070409188,-2.866444228387047,-0.0011090100416843189,-0.36770464996315616,-0.17755966494806413,-1.0665874932195905,-0.01412813309295097,0.6407213199779391,-1.5868534979598312,-2.008514402828495,-1.0116217257670037,0.6310926962828576,-0.9304907881979364,-0.660321633339776,0.06534439548415802
继祖父-继孙子,0.7221750251670472,2.0385914618412713,0.803746573817967,1.2881006604461704,0.8229632022798481,1.1799964852811342,0.30361301351690173,-3.0044266984259593,1.328986325864638,-1.2467485380580348,-1.108782621612659,-0.29456708124554554,-1.6323358955150107,0.3624055991092254,-2.097179620593,0.9988143303016679,1.2159126700190743,-1.5128777126529884,1.6255367618354768,0.6245219708630914,-1.4721782123938603,-1.6804327308851652,0.07394513857516184,1.3181594380227304,0.2287265770607414,-0.7747803354836936,0.5456484293574748,1.0043468165605696,-0.09573213296458823,-0.9919756217156495,-1.4977575513843926,-1.0101169643556425,-0.921997338987362
舅公-甥孙,0.5413638087425889,0.28673410547173067,0.4689388988865226,0.8847823879582295,0.2991204986622644,0.28298386075448123,0.10559796443611852,0.0005399521788833112,0.03986676806333748,1.5474605545193127,1.5515487795327116,0.6074432613143245,0.9260551967333689,0.8167152425162691,0.9120140099508802,0.12870285533874282,0.9643286619237849,0.26020798415042473,1.149122107102996,0.24019541681720458,1.4877913341571845,0.7774411227560433,1.3650031299943888,0.5936793576453165,-0.8686169280781649,1.148165309671732,-0.13237782445623242,0.4899558766648757,-0.1270445976757818,1.8522583831579245,-0.4663634364999268,1.1663873175208606,1.2122565112844084
舅母-外甥,0.5865666128487035,0.15291166852683521,0.7151210128067024,0.22939019516532527,0.4165335184386193,0.8582419569183128,0.7120190522460164,0.6374622313831707,-0.3629830937495694,0.894798576691027,-0.2188156420928049,0.33684015854636346,-0.06700450354725207,0.38674361572031696,0.716416423965528,0.5302927668600929,1.1333616673628075,-0.567462878224606,0.36644088861392043,1.0408757377461355,-0.36218963243721847,0.4422765063504239,0.023644177870516647,0.9861060678497491,0.9707826358636903,-0.8949644383059078,-0.19252531471390033,0.3981003516835018,0.5853139745038746,2.022294111710149,0.358751855407646,-0.019030193144020678,0.7086124952156029
舅母-外甥女,0.4208229977929502,-0.1268988814488553,-0.9539937195721143,0.344623987304737,-0.8027555330850672,0.20010769435799666,0.7305829630973398,0.5721368694135002,0.7526011389630948,0.65005033500542,-0.7642792747017478,0.0963040671970648,-0.09225178406286108,0.5571097319979582,-0.3969852193357075,-1.6951846594873887,-1.3903404138430677,-0.6505762702622659,-0.7054920845341612,-0.33629441425162565,-0.88375053145299,0.24676381344714599,-0.6554187916421935,0.7898927127475328,-0.7561841918958998,0.346937957523638,0.7917063440479333,0.636924716635074,-0.6945830205661676,-0.5514285068303405,-0.23429976065092192,-0.9372429370606704,-0.6527223204951292
舅父-外甥,-0.2019711921135172,0.10830418954520334,0.843135712045196,0.9808105480744058,0.2991204986622644,-0.3605251959711617,0.05609420216592351,0.15296579677478084,-0.20804083920614416,-1.389518345707972,-0.36235870330568465,0.26668379856948443,-0.6897707562656076,-0.15680542192739513,0.9120140099508802,0.3964294630196429,0.00516463106049262,-0.5016647761947917,-0.5523588026558638,-0.01602228588005331,1.0241816461431654,-0.13495144412592064,-0.4961324160774838,-0.25154740279499976,-0.05910122756585709,0.4003531143335109,-0.13237782445623242,-0.24488832318611567,-0.1896695270981693,0.7083816638065958,-1.4805676494696514,-0.5631562636131463,0.6338138789677604
舅父-外甥女,-0.2019711921135172,0.14074599244093564,0.4689388988865226,0.5102725635051414,0.11848508362171815,0.3609849585394073,-0.042913322374468106,0.30539164137067926,-1.3732065933727042,-0.7164606810725527,-0.6877229753882119,0.2867284728485932,-1.1105587648590913,0.10280008859091443,-0.1913569879152092,0.24025560853911815,0.901432659899962,-1.0834585204584117,-0.4162403298751551,0.005329189344717879,-1.0442308080732274,-0.11633118765894165,0.09071212547671036,0.11069263739370722,0.12079115032576701,-0.2584338196549219,0.3488020976051081,0.29399742337127766,0.5618296259704794,0.1209855106261839,-0.03661588863139917,-0.6991877812304278,0.1949953303137514
舅父-甥女婿,0.36055259231813075,0.7976925010795134,0.9219139884996531,0.8127612678710971,-0.36923053698775643,0.4194857818781021,0.6748912305433696,0.8171069767997645,-2.2408832188158874,-1.8892126724827532,-0.4484845400334124,-0.4749691497575196,-0.8244229190155224,-0.6111150653344389,-0.2615715059612329,-0.44021618598316975,0.36681664269747155,-0.2869551800975035,0.026144706662148492,-0.5284576912745691,-0.88375053145299,-0.25598311116128303,-0.2530111060050319,0.6842393676924933,0.6065005706331518,-0.45428939462445606,-0.14331373177580864,-0.9429903130445575,1.2428757334389422,0.26010565216891307,-0.05380579054614039,-0.7186208551757538,-1.1314334644813209
舅表兄弟,1.264608674440422,-0.8568394466028305,0.0652002320574286,-1.3478723347428727,0.06429445910955431,0.03923043017658605,1.2318085560830714,-1.07732852032068,0.8827526327795723,-0.17597498068350387,0.09697909257553043,1.0283814211755973,0.9176394365614994,0.07034939977612607,-0.5925828053210597,0.12870285533874282,0.4847466464921386,1.3545343126462814,-0.0759441479233831,-0.5284576912745691,0.9350259369097005,0.6377891992537019,-1.2087293593932906,0.1710659774251584,-0.6617406935027973,-0.8014879138886302,0.840917926986025,0.6736669266276235,-0.5419347550990984,0.26010565216891307,0.5908155312566508,0.9720565780676013,0.6038944324686235
舅表姐妹,0.6317694169548181,-0.43104078359634496,-1.3528087441228052,-1.1750216465337553,0.29460461328625065,0.5072370168861442,-0.5131990639413276,0.2781727405499829,0.7340080684178837,-0.6195811687386666,-0.30494147882053274,-0.15926552986156506,0.2612101431556651,-0.4650869656678893,-0.8483642639172895,-0.021893361481763452,-0.3171773793115975,1.032469918500349,-0.7905661300221042,0.6565491837002486,0.09250448465345416,-1.0938946521753314,-0.5925425907613869,0.11069263739370722,0.012855723590792626,-0.2673363457899008,0.4308214025019276,0.7838935566052723,-1.1407856427006777,-0.45868174580185433,-0.4534710100638709,-0.6165972169627927,0.020465225735452567
舅表姐弟,0.11947097041885313,1.2356568401718986,-1.1164739147594327,-0.6276611338715495,0.5520100797190289,0.09773125351528082,0.7491468739486632,-1.2733046062296913,-0.1584593177522476,-1.980993263114856,-1.108782621612659,-0.6553712182694936,-0.1679936256096881,1.0925460974419736,-1.3448812129570296,-0.3063528821427197,-2.0861274362316036,0.6896271763450015,0.19629279763803448,0.9127668863975065,0.025637702728355246,-0.4235654193640927,-1.8374913682013556,0.38237266753523746,-1.2553855405451564,-1.469177374012042,1.0377642587383917,0.3429870366946774,-0.21315387563156457,-0.9456022412014065,0.3845367082797576,-1.126715408027598,-1.3408695899752796
表兄弟,0.7462831873569753,-0.8714382579059101,0.8155633152861358,-1.2470427666208876,0.6603913287433566,0.5481875932232307,0.6748912305433696,0.7975093682088635,0.7340080684178837,-0.21880592297848525,-0.4771931522759884,-0.775639263944143,1.0539747513457882,0.7712842781755647,0.2861017347977533,0.5972244187803178,0.19699743723315088,1.5456951143328992,-0.34818109348480064,0.5860893154585031,-0.9800386974251324,0.2635220442674268,-0.6101479270080129,0.21936464945031914,-0.019524904429699765,-0.8281954922935666,0.8212332938107885,1.0190437005575896,0.2706237041563779,-0.1758041246649716,0.8538210305521897,-0.2405672361207362,-0.8980617817880525
表姐妹,1.6262311072893383,-1.0271589118054247,1.63091847658977,-1.4342976788474315,0.9042491390480939,0.7997411335796181,-0.4760712422386808,-0.22809881471496343,0.8455664916891501,0.65005033500542,-1.252325682825539,1.0885154440129219,0.008737337999574967,0.946517997775424,-1.58561670340054,0.6976218966606554,0.1781286366260042,1.5830961407498465,-1.130862311973876,1.2010118019319216,-1.4721782123938603,0.8053715074565115,0.22484802068909743,1.6502128081957117,1.2271292743592543,0.7208440551927485,1.1689951465733028,1.3350267064935157,-0.2836069212317504,-0.8528554801729203,-1.987669755954514,-1.097565797109609,-1.6999029479649232
表姐弟,1.4815821341497715,-0.24855564230785115,0.7564796079452927,-1.1548557329093583,1.223973823669861,0.23228314719427864,0.6897423592244285,0.3010366172393672,0.9868738278327547,0.03817973079140232,1.1764229128963857,0.835952548096158,0.7510073851584801,-0.26064762613472037,0.6953520685517207,1.4271769025911083,0.9234462606082999,0.7561178899751293,0.5093652850336647,-0.05445494128464162,0.14332323891652948,1.4142538939267204,0.7680983962992654,0.6057540256516069,-0.8290406049420076,0.4003531143335109,-0.01864438833264269,1.5040408724592436,0.627585801863986,1.21539729076232,-0.19820096662996547,-0.10064910371438945,-0.07228505841187187
表嫂-表小叔,0.7221750251670472,0.9923433184539068,0.5969535981250162,-1.1894258705511818,0.524914767462947,0.21473290019267036,0.7491468739486632,0.3924921239969063,0.7340080684178837,-0.39012969215841004,-0.24752425433538086,-0.8959073096187923,1.7255524130609878,0.21637749944267573,1.1828414366998294,0.3964294630196429,0.9564666616708069,1.2714209206086216,-0.6544476572413954,0.20816820398004734,-0.10809586112184258,-0.7866604204701804,-0.932074075517742,-0.2817340728107253,0.2287265770607414,0.10656975187920976,-0.07769828785835307,0.19601819672447915,0.8906105054380131,0.21373227165467001,0.9518034714662139,-0.10647902589798731,-0.2637695160063486
高祖母-玄孙,-2.552517005631474,1.5519644184052879,-1.1066266302026257,1.2881006604461704,-0.441484703003975,0.3999855074318708,-1.9240562886419055,-0.1954361337301282,0.4365189396945066,-0.7368563678796868,-1.1853389209261949,-0.3146117555246539,-1.5986728548275322,-0.351509554816128,-0.8734408775051552,-0.9198930247447822,-0.7181393922134656,-1.7899223527785215,-0.7111636875666908,-0.5284576912745691,0.2931048304287509,-0.9914832416069476,-0.6470352981914193,-0.1106762760549469,-0.1310581787225064,-0.3652641332746678,-0.7447886343524845,-1.4206390429477018,-0.628044033054881,0.5847193157686145,-0.7414018671357843,0.07813517658260899,-0.7823732553247229
高祖父-玄孙,-0.7042245710703453,0.04342058375373893,-1.9731876712016574,0.9520021000395529,0.6242642457352471,0.7704907219102707,-0.2161764903201533,1.1981715882895088,1.3785678473185345,-0.7164606810725527,-1.3384515195532667,-0.013941641338030573,-1.7669880582649253,0.9789686865902123,-1.8965667118900742,0.9988143303016679,0.9643286619237849,0.4125825362194683,-1.1648919301690535,0.9234426240098925,-0.22399828312534723,-0.6749388816683073,-0.3787635077666449,1.7206483715657384,1.487973222302109,-0.026968140145472577,1.3767773856452457,0.07354416341598023,-0.37754431536533145,-1.2083847307821172,-1.016440297771642,-1.2627469256448796,-2.0589363059545667
